ExpDay,Treatment,mesocosm,Species,Genus,abund,size_fract,label,fun_grp,biovolume
0,D,11,Plagioselmis,Plagioselmis,878.85,small,CryRho000_3202546,I,541.41441159585
0,D,11,Centrales,Centrales,403.2,small,BacCyc000_3193095,VI,0.00236318321949881
0,D,11,Cryptomonas,Cryptomonas,72.45,small,CryCry000_3202413,V,0.398027905928526
0,D,11,Golenkinia,Golenkinia,3.15,small,ChlGolrad_2641100,IV,6755.68084227949
0,D,11,Merismopedia,Merismopedia,9.45,small,CyaMer000_0000000,I,1338.07646276977
0,D,11,Chrysochromulina,Chrysochromulina,15.75,small,PryChr000_3202213,I,6.36031360045307
0,D,11,Quadrigula,Quadrigula,6.3,small,ChlQua000_2641259,IV,6947.00383488311
0,D,11,Chlamydomonas,Chlamydomonas,6.3,small,ChlChl000_5271004,I,0.0774580925085368
0,E,9,Plagioselmis,Plagioselmis,647.854166666667,small,CryRho000_3202546,I,399.109725716281
0,E,9,Centrales,Centrales,408.375,small,BacCyc000_3193095,VI,0.00239351425412408
0,E,9,Cryptomonas,Cryptomonas,85.7083333333333,small,CryCry000_3202413,V,0.470866921149631
0,E,9,Chrysochromulina,Chrysochromulina,2.52083333333333,small,PryChr000_3202213,I,1.01798670060161
0,E,9,Chlamydomonas,Chlamydomonas,70.5833333333333,small,ChlChl000_5271004,I,0.867817517919718
0,E,9,Merismopedia,Merismopedia,17.6458333333333,small,CyaMer000_0000000,I,2498.56870362874
0,E,9,Koliella,Koliella,2.52083333333333,small,TreKollon_2638730,IV,2.8046315896317e-07
0,I,12,Plagioselmis,Plagioselmis,425.618181818182,small,CryRho000_3202546,I,262.201533223629
0,I,12,Centrales,Centrales,210.722727272727,small,BacCyc000_3193095,VI,0.00123506054825876
0,I,12,Cryptomonas,Cryptomonas,85.5409090909091,small,CryCry000_3202413,V,0.469947121003133
0,I,12,Chrysochromulina,Chrysochromulina,6.25909090909091,small,PryChr000_3202213,I,2.52760514511511
0,I,12,Chlamydomonas,Chlamydomonas,39.6409090909091,small,ChlChl000_5271004,I,0.487382413251767
0,I,12,Golenkinia,Golenkinia,2.08636363636364,small,ChlGolrad_2641100,IV,4474.54185657473
0,I,12,Tetraedron,Tetraedron,4.17272727272727,small,ChlTet000_2672378,IV,112.663636363636
0,I,12,Oocystis,Oocystis,2.08636363636364,small,TreOoc000_2641454,IV,0.0498543215500839
0,I,12,Merismopedia,Merismopedia,4.17272727272727,small,CyaMer000_0000000,I,590.838957586652
0,C,16,Plagioselmis,Plagioselmis,576.065217391304,small,CryRho000_3202546,I,354.884235893211
0,C,16,Cryptomonas,Cryptomonas,39.4565217391304,small,CryCry000_3202413,V,0.216767380580393
0,C,16,Centrales,Centrales,220.95652173913,small,BacCyc000_3193095,VI,0.00129504152880143
0,C,16,Chlamydomonas,Chlamydomonas,55.2391304347826,small,ChlChl000_5271004,I,0.679161535763258
0,C,16,Chrysochromulina,Chrysochromulina,76.2826086956522,small,PryChr000_3202213,I,30.8051627660315
0,C,16,Merismopedia,Merismopedia,10.5217391304348,small,CyaMer000_0000000,I,1489.82978601465
0,C,16,Elakatothrix,Elakatothrix,10.5217391304348,small,KleElagel_2641001,IV,0.298749535693618
0,C,1,Cryptomonas,Cryptomonas,70.06,small,CryCry000_3202413,V,0.384897654787475
0,C,1,Plagioselmis,Plagioselmis,474.6,small,CryRho000_3202546,I,292.376719284736
0,C,1,Centrales,Centrales,128.82,small,BacCyc000_3193095,VI,0.000755022972063088
0,C,1,Chlamydomonas,Chlamydomonas,58.76,small,ChlChl000_5271004,I,0.722450399333591
0,C,1,Chrysochromulina,Chrysochromulina,110.74,small,PryChr000_3202213,I,44.7200716262967
0,C,1,Eudorina,Eudorina,2.26,small,ChlEud000_0000000,VII,5.54390925761886e-07
0,C,1,Desmodesmus,Desmodesmus,2.26,small,ChlDes000_2652440,IV,3.67819241810552e-07
0,C,1,Merismopedia,Merismopedia,9.04,small,CyaMer000_0000000,I,1280.02235168664
0,D,2,Plagioselmis,Plagioselmis,637.884615384615,small,CryRho000_3202546,I,392.967996477791
0,D,2,Centrales,Centrales,235.480769230769,small,BacCyc000_3193095,VI,0.00138016915268062
0,D,2,Chrysochromulina,Chrysochromulina,95.3846153846154,small,PryChr000_3202213,I,38.5191153336352
0,D,2,Quadrigula,Quadrigula,14.9038461538462,small,ChlQua000_2641259,IV,16434.4565690916
0,D,2,Cryptomonas,Cryptomonas,125.192307692308,small,CryCry000_3202413,V,0.687785121727108
0,D,2,Chlamydomonas,Chlamydomonas,83.4615384615385,small,ChlChl000_5271004,I,1.02615421699344
0,D,2,Merismopedia,Merismopedia,23.8461538461538,small,CyaMer000_0000000,I,3376.50552265876
0,E,15,Merismopedia,Merismopedia,14.6130952380952,small,CyaMer000_0000000,I,2069.1469615141
0,E,15,Plagioselmis,Plagioselmis,634.208333333333,small,CryRho000_3202546,I,390.703227650738
0,E,15,Chrysochromulina,Chrysochromulina,75.9880952380952,small,PryChr000_3202213,I,30.6862295628813
0,E,15,Centrales,Centrales,324.410714285714,small,BacCyc000_3193095,VI,0.00190139374063895
0,E,15,Chlamydomonas,Chlamydomonas,58.4523809523809,small,ChlChl000_5271004,I,0.718668243040279
0,E,15,Cryptomonas,Cryptomonas,37.9940476190476,small,CryCry000_3202413,V,0.208732797951114
0,E,15,Quadrigula,Quadrigula,14.6130952380952,small,ChlQua000_2641259,IV,16113.845818819
0,I,5,Plagioselmis,Plagioselmis,805.095588235294,small,CryRho000_3202546,I,495.978101135378
0,I,5,Centrales,Centrales,252.720588235294,small,BacCyc000_3193095,VI,0.00148121292990951
0,I,5,Chlamydomonas,Chlamydomonas,176.904411764706,small,ChlChl000_5271004,I,2.17502830026014
0,I,5,Chrysochromulina,Chrysochromulina,122.75,small,PryChr000_3202213,I,49.570063140039
0,I,5,Quadrigula,Quadrigula,36.1029411764706,small,ChlQua000_2641259,IV,39810.6779053175
0,I,5,Cryptomonas,Cryptomonas,108.308823529412,small,CryCry000_3202413,V,0.595030148005439
0,I,5,Merismopedia,Merismopedia,7.22058823529412,small,CyaMer000_0000000,I,1022.40202804226
0,I,5,Oocystis,Oocystis,7.22058823529412,small,TreOoc000_2641454,IV,0.172538248553122
0,C,10,Plagioselmis,Plagioselmis,870.912,small,CryRho000_3202546,I,536.524216910468
0,C,10,Cryptomonas,Cryptomonas,120.96,small,CryCry000_3202413,V,0.664533547289365
0,C,10,Centrales,Centrales,391.104,small,BacCyc000_3193095,VI,0.00229228772291385
0,C,10,Chlamydomonas,Chlamydomonas,72.576,small,ChlChl000_5271004,I,0.892317225698344
0,C,10,Chrysochromulina,Chrysochromulina,80.64,small,PryChr000_3202213,I,32.5648056343197
0,C,10,Merismopedia,Merismopedia,24.192,small,CyaMer000_0000000,I,3425.47574469061
0,C,10,Cosmarium,Cosmarium,4.032,small,ZygCos000_2648709,IV,0.0218457524799001
0,C,10,Quadrigula,Quadrigula,8.064,small,ChlQua000_2641259,IV,8892.16490865038
0,E,6,Plagioselmis,Plagioselmis,619.52,small,CryRho000_3202546,I,381.654498801685
0,E,6,Cryptomonas,Cryptomonas,129.066666666667,small,CryCry000_3202413,V,0.709070187142974
0,E,6,Chlamydomonas,Chlamydomonas,100.026666666667,small,ChlChl000_5271004,I,1.22982139682337
0,E,6,Chrysochromulina,Chrysochromulina,109.706666666667,small,PryChr000_3202213,I,44.3027812101823
0,E,6,Centrales,Centrales,306.533333333333,small,BacCyc000_3193095,VI,0.0017966131685277
0,E,6,Quadrigula,Quadrigula,12.9066666666667,small,ChlQua000_2641259,IV,14232.1687029986
0,E,6,Oocystis,Oocystis,22.5866666666667,small,TreOoc000_2641454,IV,0.539715571685846
0,E,6,Merismopedia,Merismopedia,19.36,small,CyaMer000_0000000,I,2741.28680626696
0,D,8,Cryptomonas,Cryptomonas,55.08,small,CryCry000_3202413,V,0.302600097426408
0,D,8,Chlamydomonas,Chlamydomonas,64.26,small,ChlChl000_5271004,I,0.790072543587075
0,D,8,Plagioselmis,Plagioselmis,447.525,small,CryRho000_3202546,I,275.697200374845
0,D,8,Centrales,Centrales,234.09,small,BacCyc000_3193095,VI,0.00137201775757063
0,D,8,Quadrigula,Quadrigula,11.475,small,ChlQua000_2641259,IV,12653.4712706799
0,D,8,Chrysochromulina,Chrysochromulina,112.455,small,PryChr000_3202213,I,45.4126391072349
0,D,8,Merismopedia,Merismopedia,9.18,small,CyaMer000_0000000,I,1299.84570669064
0,D,8,Tetraedron,Tetraedron,2.295,small,ChlTet000_2672378,IV,61.965
0,D,8,Oocystis,Oocystis,2.295,small,TreOoc000_2641454,IV,0.0548397537050922
0,I,3,Cryptomonas,Cryptomonas,116.25,small,CryCry000_3202413,V,0.638657613032314
0,I,3,Chlamydomonas,Chlamydomonas,155,small,ChlChl000_5271004,I,1.90571497441638
0,I,3,Plagioselmis,Plagioselmis,584.772727272727,small,CryRho000_3202546,I,360.248486150838
0,I,3,Centrales,Centrales,440.340909090909,small,BacCyc000_3193095,VI,0.00258086866870657
0,I,3,Chrysochromulina,Chrysochromulina,151.477272727273,small,PryChr000_3202213,I,61.1709814531309
0,I,3,Merismopedia,Merismopedia,7.04545454545455,small,CyaMer000_0000000,I,997.603904421908
0,I,3,Quadrigula,Quadrigula,14.0909090909091,small,ChlQua000_2641259,IV,15538.031665323
0,I,3,Tetraedron,Tetraedron,3.52272727272727,small,ChlTet000_2672378,IV,95.1136363636364
0,I,14,Cryptomonas,Cryptomonas,62.7388888888889,small,CryCry000_3202413,V,0.344676722770558
0,I,14,Plagioselmis,Plagioselmis,529.188888888889,small,CryRho000_3202546,I,326.006134039756
0,I,14,Centrales,Centrales,433.716666666667,small,BacCyc000_3193095,VI,0.0025420435235209
0,I,14,Chrysochromulina,Chrysochromulina,73.65,small,PryChr000_3202213,I,29.7420378840234
0,I,14,Quadrigula,Quadrigula,35.4611111111111,small,ChlQua000_2641259,IV,39102.9325203341
0,I,14,Chlamydomonas,Chlamydomonas,60.0111111111111,small,ChlChl000_5271004,I,0.737832729521353
0,I,14,Merismopedia,Merismopedia,13.6388888888889,small,CyaMer000_0000000,I,1931.2038307465
0,I,14,Ankyra,Ankyra,2.72777777777778,small,ChlAnkjud_2642105,IV,0.567170444502475
0,E,4,Cryptomonas,Cryptomonas,87.8888888888889,small,CryCry000_3202413,V,0.48284652034271
0,E,4,Plagioselmis,Plagioselmis,455.138888888889,small,CryRho000_3202546,I,280.387726827293
0,E,4,Chrysochromulina,Chrysochromulina,78.4722222222222,small,PryChr000_3202213,I,31.6893931592238
0,E,4,Chlamydomonas,Chlamydomonas,94.1666666666667,small,ChlChl000_5271004,I,1.15777307585511
0,E,4,Centrales,Centrales,404.916666666667,small,BacCyc000_3193095,VI,0.00237324472212813
0,E,4,Quadrigula,Quadrigula,15.6944444444444,small,ChlQua000_2641259,IV,17306.2485304628
0,D,13,Plagioselmis,Plagioselmis,553.349206349206,small,CryRho000_3202546,I,340.890066521689
0,D,13,Chlamydomonas,Chlamydomonas,179.253968253968,small,ChlChl000_5271004,I,2.20391594532352
0,D,13,Centrales,Centrales,736.5,small,BacCyc000_3193095,VI,0.00431667768145059
0,D,13,Chrysochromulina,Chrysochromulina,66.2460317460317,small,PryChr000_3202213,I,26.7520975676401
0,D,13,Cryptomonas,Cryptomonas,54.5555555555556,small,CryCry000_3202413,V,0.299718889365703
0,D,13,Merismopedia,Merismopedia,15.5873015873016,small,CyaMer000_0000000,I,2207.09009228171
0,D,13,Quadrigula,Quadrigula,15.5873015873016,small,ChlQua000_2641259,IV,17188.1022067403
0,D,13,Desmodesmus,Desmodesmus,7.79365079365079,small,ChlDes000_2652440,IV,1.26843129462692e-06
0,D,13,Elakatothrix,Elakatothrix,3.8968253968254,small,KleElagel_2641001,IV,0.11064471030395
20,C,7,Merismopedia,Merismopedia,70.7264150943396,small,CyaMer000_0000000,I,10014.5345326794
20,C,7,Plagioselmis,Plagioselmis,118.358490566038,small,CryRho000_3202546,I,72.914595809506
20,C,7,Centrales,Centrales,242.490566037736,small,BacCyc000_3193095,VI,0.00142125405889669
20,C,7,Cryptomonas,Cryptomonas,7.21698113207547,small,CryCry000_3202413,V,0.0396488597256823
20,C,7,Chlamydomonas,Chlamydomonas,12.9905660377358,small,ChlChl000_5271004,I,0.159718169188762
20,C,7,Quadrigula,Quadrigula,28.8679245283019,small,ChlQua000_2641259,IV,31832.6321274967
20,C,7,Chrysochromulina,Chrysochromulina,37.5283018867925,small,PryChr000_3202213,I,15.1550329455539
20,C,7,Elakatothrix,Elakatothrix,12.9905660377358,small,KleElagel_2641001,IV,0.368848298181529
20,C,7,Tetraedron,Tetraedron,1.44339622641509,small,ChlTet000_2672378,IV,38.9716981132075
20,I,3,Merismopedia,Merismopedia,66.55,small,CyaMer000_0000000,I,9423.17339654268
20,I,3,Oocystis,Oocystis,12.1,small,TreOoc000_2641454,IV,0.28913334197456
20,I,3,Quadrigula,Quadrigula,26.2166666666667,small,ChlQua000_2641259,IV,28909.092677966
20,I,3,Centrales,Centrales,52.4333333333333,small,BacCyc000_3193095,VI,0.000307315410406054
20,I,3,Desmodesmus,Desmodesmus,110.916666666667,small,ChlDes000_2652440,IV,1.8051895680304e-05
20,I,3,Cryptomonas,Cryptomonas,24.2,small,CryCry000_3202413,V,0.132950660089308
20,I,3,Chlamydomonas,Chlamydomonas,16.1333333333333,small,ChlChl000_5271004,I,0.198358289810221
20,I,3,Chrysochromulina,Chrysochromulina,14.1166666666667,small,PryChr000_3202213,I,5.70072552336904
20,I,3,Elakatothrix,Elakatothrix,82.6833333333333,small,KleElagel_2641001,IV,2.34767343465902
20,I,3,Plagioselmis,Plagioselmis,24.2,small,CryRho000_3202546,I,14.9083788594408
20,I,3,Ankyra,Ankyra,14.1166666666667,small,ChlAnkjud_2642105,IV,2.93519368529692
20,I,3,Coelastrum,Coelastrum,4.03333333333333,small,ChlCoe000_7749802,IV,0.0354825547611469
20,I,3,Sphaerocystis,Sphaerocystis,4.03333333333333,small,ChlSph000_2639562,I,2.52703987498739e-07
20,D,8,Chrysochromulina,Chrysochromulina,30,small,PryChr000_3202213,I,12.114883048482
20,D,8,Merismopedia,Merismopedia,54,small,CyaMer000_0000000,I,7646.15121582727
20,D,8,Elakatothrix,Elakatothrix,12,small,KleElagel_2641001,IV,0.340722610956358
20,D,8,Centrales,Centrales,66,small,BacCyc000_3193095,VI,0.000386830586525103
20,D,8,Cryptomonas,Cryptomonas,18,small,CryCry000_3202413,V,0.0988889207275842
20,D,8,Quadrigula,Quadrigula,6,small,ChlQua000_2641259,IV,6616.1941284601
20,D,8,Plagioselmis,Plagioselmis,6,small,CryRho000_3202546,I,3.69629227920021
20,D,8,Oocystis,Oocystis,12,small,TreOoc000_2641454,IV,0.286743810222705
20,D,8,Desmodesmus,Desmodesmus,12,small,ChlDes000_2652440,IV,1.95302252288789e-06
20,D,8,Chlamydomonas,Chlamydomonas,6,small,ChlChl000_5271004,I,0.0737696119128922
20,E,6,Quadrigula,Quadrigula,67.1666666666667,small,ChlQua000_2641259,IV,74064.6176047062
20,E,6,Merismopedia,Merismopedia,82.6666666666667,small,CyaMer000_0000000,I,11705.2191452171
20,E,6,Desmodesmus,Desmodesmus,69.75,small,ChlDes000_2652440,IV,1.13519434142858e-05
20,E,6,Cryptomonas,Cryptomonas,165.333333333333,small,CryCry000_3202413,V,0.908313049645958
20,E,6,Plagioselmis,Plagioselmis,294.5,small,CryRho000_3202546,I,181.42634603741
20,E,6,Centrales,Centrales,116.25,small,BacCyc000_3193095,VI,0.000681349328538535
20,E,6,Sphaerocystis,Sphaerocystis,12.9166666666667,small,ChlSph000_2639562,I,8.09279298807944e-07
20,E,6,Elakatothrix,Elakatothrix,43.9166666666667,small,KleElagel_2641001,IV,1.24695011093056
20,E,6,Chrysochromulina,Chrysochromulina,10.3333333333333,small,PryChr000_3202213,I,4.17290416114381
20,E,6,Ankyra,Ankyra,12.9166666666667,small,ChlAnkjud_2642105,IV,2.68568489504736
20,E,6,Chlamydomonas,Chlamydomonas,28.4166666666667,small,ChlChl000_5271004,I,0.349381078643003
20,E,6,Oocystis,Oocystis,18.0833333333333,small,TreOoc000_2641454,IV,0.432106991793937
20,E,6,Snowella,Snowella,2.58333333333333,small,CyaSno000_3217087,I,2.21302918606443
20,I,14,Sphaerocystis,Sphaerocystis,15.481981981982,small,ChlSph000_2639562,I,9.70006259809208e-07
20,I,14,Desmodesmus,Desmodesmus,117.220720720721,small,ChlDes000_2652440,IV,1.90778923097265e-05
20,I,14,Plagioselmis,Plagioselmis,22.1171171171171,small,CryRho000_3202546,I,13.6252215396945
20,I,14,Centrales,Centrales,115.009009009009,small,BacCyc000_3193095,VI,0.000674075794100392
20,I,14,Chlamydomonas,Chlamydomonas,64.1396396396396,small,ChlChl000_5271004,I,0.788592720741496
20,I,14,Merismopedia,Merismopedia,86.2567567567568,small,CyaMer000_0000000,I,12213.5593620184
20,I,14,Elakatothrix,Elakatothrix,59.7162162162162,small,KleElagel_2641001,IV,1.69555542546863
20,I,14,Cryptomonas,Cryptomonas,55.2927927927928,small,CryCry000_3202413,V,0.303769144627401
20,I,14,Quadrigula,Quadrigula,28.7522522522523,small,ChlQua000_2641259,IV,31705.0804218925
20,I,14,Cryptomonas,Cryptomonas,2.21171171171171,small,CryCry000_3202413,V,0.0121507657850961
20,I,14,Sphaerocystis,Sphaerocystis,2.21171171171171,small,ChlSph000_2639562,I,1.38572322829887e-07
20,I,14,Oocystis,Oocystis,28.7522522522523,small,TreOoc000_2641454,IV,0.687044196941262
20,I,14,Ankyra,Ankyra,11.0585585585586,small,ChlAnkjud_2642105,IV,2.2993396398749
20,I,14,Tetraedron,Tetraedron,2.21171171171171,small,ChlTet000_2672378,IV,59.7162162162162
20,I,14,Coelastrum,Coelastrum,2.21171171171171,small,ChlCoe000_7749802,IV,0.0194571525438051
20,D,11,Plagioselmis,Plagioselmis,38.5426356589147,small,CryRho000_3202546,I,23.7441411010122
20,D,11,Chroomonas,Chroomonas,52.5581395348837,small,CryChr000_3202572,I,33023.2530098276
20,D,11,Merismopedia,Merismopedia,66.5736434108527,small,CyaMer000_0000000,I,9426.52119459152
20,D,11,Quadrigula,Quadrigula,26.2790697674419,small,ChlQua000_2641259,IV,28977.9045161237
20,D,11,Centrales,Centrales,87.5968992248062,small,BacCyc000_3193095,VI,0.00051341151371079
20,D,11,Cryptomonas,Cryptomonas,19.2713178294574,small,CryCry000_3202413,V,0.105873323397405
20,D,11,Chlamydomonas,Chlamydomonas,24.5271317829457,small,ChlChl000_5271004,I,0.301559498827378
20,D,11,Desmodesmus,Desmodesmus,54.3100775193798,small,ChlDes000_2652440,IV,8.83906705126132e-06
20,D,11,Elakatothrix,Elakatothrix,50.8062015503876,small,KleElagel_2641001,IV,1.44256847041859
20,D,11,Koliella,Koliella,3.50387596899225,small,TreKollon_2638730,IV,3.89834627257668e-07
20,D,11,Ankyra,Ankyra,8.75968992248062,small,ChlAnkjud_2642105,IV,1.82134969626618
20,D,11,Sphaerocystis,Sphaerocystis,15.7674418604651,small,ChlSph000_2639562,I,9.87891429122495e-07
20,D,11,Oocystis,Oocystis,26.2790697674419,small,TreOoc000_2641454,IV,0.62794671618538
20,D,11,Chrysochromulina,Chrysochromulina,1.75193798449612,small,PryChr000_3202213,I,0.707484126345462
20,E,4,Cryptomonas,Cryptomonas,41.9395833333333,small,CryCry000_3202413,V,0.230408896199884
20,E,4,Chroomonas,Chroomonas,64.44375,small,CryChr000_3202572,I,40491.2023139554
20,E,4,Elakatothrix,Elakatothrix,9.20625,small,KleElagel_2641001,IV,0.261398128093081
20,E,4,Centrales,Centrales,27.61875,small,BacCyc000_3193095,VI,0.000161875413054397
20,E,4,Plagioselmis,Plagioselmis,91.0395833333333,small,CryRho000_3202546,I,56.0848181627673
20,E,4,Desmodesmus,Desmodesmus,20.4583333333333,small,ChlDes000_2652440,IV,3.32963214839567e-06
20,E,4,Oocystis,Oocystis,12.275,small,TreOoc000_2641454,IV,0.293315022540308
20,E,4,Merismopedia,Merismopedia,56.2604166666667,small,CyaMer000_0000000,I,7966.21580182929
20,E,4,Golenkinia,Golenkinia,4.09166666666667,small,ChlGolrad_2641100,IV,8775.23622634717
20,E,4,Sphaerocystis,Sphaerocystis,5.11458333333333,small,ChlSph000_2639562,I,3.20448496544113e-07
20,E,4,Chlamydomonas,Chlamydomonas,3.06875,small,ChlChl000_5271004,I,0.0377300827596147
20,E,4,Quadrigula,Quadrigula,5.11458333333333,small,ChlQua000_2641259,IV,5639.84603658665
20,E,4,Koliella,Koliella,1.02291666666667,small,TreKollon_2638730,IV,1.1380777772803e-07
20,E,4,Coelastrum,Coelastrum,1.02291666666667,small,ChlCoe000_7749802,IV,0.00899893305150987
20,C,1,Merismopedia,Merismopedia,64.8214285714286,small,CyaMer000_0000000,I,9178.41564598313
20,C,1,Centrales,Centrales,177.178571428571,small,BacCyc000_3193095,VI,0.0010384559197787
20,C,1,Plagioselmis,Plagioselmis,136.845238095238,small,CryRho000_3202546,I,84.3033328361238
20,C,1,Chlamydomonas,Chlamydomonas,11.5238095238095,small,ChlChl000_5271004,I,0.141684492721587
20,C,1,Desmodesmus,Desmodesmus,1.44047619047619,small,ChlDes000_2652440,IV,2.34440203640312e-07
20,C,1,Cryptomonas,Cryptomonas,5.76190476190476,small,CryCry000_3202413,V,0.0316549190688828
20,C,1,Quadrigula,Quadrigula,40.3333333333333,small,ChlQua000_2641259,IV,44475.5271968707
20,C,1,Sphaerocystis,Sphaerocystis,2.88095238095238,small,ChlSph000_2639562,I,1.80502848213385e-07
20,C,1,Sphaerocystis,Sphaerocystis,1.44047619047619,small,ChlSph000_2639562,I,9.02514241066923e-08
20,C,1,Cryptomonas,Cryptomonas,2.88095238095238,small,CryCry000_3202413,V,0.0158274595344414
20,C,1,Chrysochromulina,Chrysochromulina,12.9642857142857,small,PryChr000_3202213,I,5.23536017452259
20,C,1,Elakatothrix,Elakatothrix,2.88095238095238,small,KleElagel_2641001,IV,0.0818004681065859
20,C,1,Ankyra,Ankyra,1.44047619047619,small,ChlAnkjud_2642105,IV,0.299509559724176
20,I,12,Centrales,Centrales,45.2,small,BacCyc000_3193095,VI,0.000264920341074768
20,I,12,Merismopedia,Merismopedia,46.7066666666667,small,CyaMer000_0000000,I,6613.44881704763
20,I,12,Quadrigula,Quadrigula,22.6,small,ChlQua000_2641259,IV,24920.9978838664
20,I,12,Oocystis,Oocystis,31.64,small,TreOoc000_2641454,IV,0.756047846287197
20,I,12,Plagioselmis,Plagioselmis,9.04,small,CryRho000_3202546,I,5.56908036732831
20,I,12,Desmodesmus,Desmodesmus,36.16,small,ChlDes000_2652440,IV,5.88510786896883e-06
20,I,12,Ankyra,Ankyra,3.01333333333333,small,ChlAnkjud_2642105,IV,0.626544295515565
20,I,12,Cosmarium,Cosmarium,1.50666666666667,small,ZygCos000_2648709,IV,0.00816326068197326
20,I,12,Koliella,Koliella,18.08,small,TreKollon_2638730,IV,2.01154667664957e-06
20,I,12,Coelastrum,Coelastrum,4.52,small,ChlCoe000_7749802,IV,0.0397639208728224
20,I,12,Chlamydomonas,Chlamydomonas,1.50666666666667,small,ChlChl000_5271004,I,0.0185243692136818
20,I,12,Chrysochromulina,Chrysochromulina,13.56,small,PryChr000_3202213,I,5.47592713791388
20,I,12,Elakatothrix,Elakatothrix,31.64,small,KleElagel_2641001,IV,0.898371950888264
20,I,12,Cryptomonas,Cryptomonas,34.6533333333333,small,CryCry000_3202413,V,0.190379485163697
20,I,12,Sphaerocystis,Sphaerocystis,3.01333333333333,small,ChlSph000_2639562,I,1.88797028676744e-07
20,I,12,Cryptomonas,Cryptomonas,7.53333333333333,small,CryCry000_3202413,V,0.0413868446008037
20,I,12,Sphaerocystis,Sphaerocystis,13.56,small,ChlSph000_2639562,I,8.49586629045346e-07
20,I,12,Gloeocapsa,Gloeocapsa,6.02666666666667,small,CyaGlo000_3217637,VII,1615.64430725414
20,I,12,Kirchneriella,Kirchneriella,1.50666666666667,small,ChlKir000_2641223,IV,2875.49975583074
20,E,15,Cryptomonas,Cryptomonas,120.214285714286,small,CryCry000_3202413,V,0.660436720573508
20,E,15,Elakatothrix,Elakatothrix,19.6714285714286,small,KleElagel_2641001,IV,0.558541708674887
20,E,15,Plagioselmis,Plagioselmis,190.157142857143,small,CryRho000_3202546,I,117.146063162938
20,E,15,Gloeocapsa,Gloeocapsa,4.37142857142857,small,CyaGlo000_3217637,VII,1171.9038195791
20,E,15,Merismopedia,Merismopedia,74.3142857142857,small,CyaMer000_0000000,I,10522.5604827337
20,E,15,Cryptomonas,Cryptomonas,93.9857142857143,small,CryCry000_3202413,V,0.516341436084743
20,E,15,Desmodesmus,Desmodesmus,85.2428571428571,small,ChlDes000_2652440,IV,1.38734349929429e-05
20,E,15,Coelastrum,Coelastrum,6.55714285714286,small,ChlCoe000_7749802,IV,0.0576853340095623
20,E,15,Chlamydomonas,Chlamydomonas,24.0428571428571,small,ChlChl000_5271004,I,0.295605373450947
20,E,15,Centrales,Centrales,78.6857142857143,small,BacCyc000_3193095,VI,0.000461182439519539
20,E,15,Sphaerocystis,Sphaerocystis,13.1142857142857,small,ChlSph000_2639562,I,8.21660899139936e-07
20,E,15,Chrysochromulina,Chrysochromulina,15.3,small,PryChr000_3202213,I,6.17859035472583
20,E,15,Quadrigula,Quadrigula,21.8571428571429,small,ChlQua000_2641259,IV,24101.8500393904
20,E,15,Oocystis,Oocystis,10.9285714285714,small,TreOoc000_2641454,IV,0.261141684309963
20,E,15,Scenedesmus,Scenedesmus,2.18571428571429,small,ChlScearc_2640846,IV,0.034816992219392
20,D,2,Desmodesmus,Desmodesmus,98.4,small,ChlDes000_2652440,IV,1.60147846876807e-05
20,D,2,Merismopedia,Merismopedia,81.6,small,CyaMer000_0000000,I,11554.1840594723
20,D,2,Sphaerocystis,Sphaerocystis,31.2,small,ChlSph000_2639562,I,1.95480109337867e-06
20,D,2,Chrysochromulina,Chrysochromulina,9.6,small,PryChr000_3202213,I,3.87676257551425
20,D,2,Oocystis,Oocystis,86.4,small,TreOoc000_2641454,IV,2.06455543360347
20,D,2,Quadrigula,Quadrigula,81.6,small,ChlQua000_2641259,IV,89980.2401470574
20,D,2,Centrales,Centrales,98.4,small,BacCyc000_3193095,VI,0.000576729238091972
20,D,2,Chlamydomonas,Chlamydomonas,43.2,small,ChlChl000_5271004,I,0.531141205772824
20,D,2,Elakatothrix,Elakatothrix,21.6,small,KleElagel_2641001,IV,0.613300699721444
20,D,2,Sphaerocystis,Sphaerocystis,4.8,small,ChlSph000_2639562,I,3.00738629750565e-07
20,D,2,Golenkinia,Golenkinia,14.4,small,ChlGolrad_2641100,IV,30883.1124218491
20,D,2,Plagioselmis,Plagioselmis,52.8,small,CryRho000_3202546,I,32.5273720569618
20,D,2,Tetraedron,Tetraedron,4.8,small,ChlTet000_2672378,IV,129.6
20,D,2,Cryptomonas,Cryptomonas,4.8,small,CryCry000_3202413,V,0.0263703788606891
20,D,2,Cryptomonas,Cryptomonas,2.4,small,CryCry000_3202413,V,0.0131851894303446
20,D,2,Coelastrum,Coelastrum,2.4,small,ChlCoe000_7749802,IV,0.0211135863041535
20,E,9,Desmodesmus,Desmodesmus,70.6742424242424,small,ChlDes000_2652440,IV,1.15023656035487e-05
20,E,9,Cryptomonas,Cryptomonas,85.5530303030303,small,CryCry000_3202413,V,0.470013712868943
20,E,9,Cryptomonas,Cryptomonas,78.1136363636364,small,CryCry000_3202413,V,0.429142955228165
20,E,9,Plagioselmis,Plagioselmis,154.367424242424,small,CryRho000_3202546,I,95.0978530645493
20,E,9,Centrales,Centrales,59.5151515151515,small,BacCyc000_3193095,VI,0.000348822438905098
20,E,9,Merismopedia,Merismopedia,70.6742424242424,small,CyaMer000_0000000,I,10007.1471229591
20,E,9,Oocystis,Oocystis,18.5984848484849,small,TreOoc000_2641454,IV,0.444416700818649
20,E,9,Chrysochromulina,Chrysochromulina,14.8787878787879,small,PryChr000_3202213,I,6.00849250182291
20,E,9,Sphaerocystis,Sphaerocystis,5.57954545454546,small,ChlSph000_2639562,I,3.49580178048123e-07
20,E,9,Elakatothrix,Elakatothrix,7.43939393939394,small,KleElagel_2641001,IV,0.211230810580267
20,E,9,Quadrigula,Quadrigula,13.0189393939394,small,ChlQua000_2641259,IV,14355.9717294933
20,E,9,Chlamydomonas,Chlamydomonas,35.3371212121212,small,ChlChl000_5271004,I,0.434467619656169
20,E,9,Sphaerocystis,Sphaerocystis,3.71969696969697,small,ChlSph000_2639562,I,2.33053452032082e-07
20,E,9,Golenkinia,Golenkinia,1.85984848484849,small,ChlGolrad_2641100,IV,3988.74373924871
20,E,9,Coelastrum,Coelastrum,1.85984848484849,small,ChlCoe000_7749802,IV,0.0163616964572907
20,E,9,Gloeocapsa,Gloeocapsa,1.85984848484849,small,CyaGlo000_3217637,VII,498.592967406089
20,D,13,Merismopedia,Merismopedia,73.625,small,CyaMer000_0000000,I,10424.9608012089
20,D,13,Sphaerocystis,Sphaerocystis,38.75,small,ChlSph000_2639562,I,2.42783789642383e-06
20,D,13,Quadrigula,Quadrigula,19.375,small,ChlQua000_2641259,IV,21364.7935398191
20,D,13,Centrales,Centrales,62,small,BacCyc000_3193095,VI,0.000363386308553885
20,D,13,Oocystis,Oocystis,63.9375,small,TreOoc000_2641454,IV,1.52780686384285
20,D,13,Elakatothrix,Elakatothrix,58.125,small,KleElagel_2641001,IV,1.65037514681986
20,D,13,Desmodesmus,Desmodesmus,63.9375,small,ChlDes000_2652440,IV,1.0405948129762e-05
20,D,13,Cryptomonas,Cryptomonas,38.75,small,CryCry000_3202413,V,0.212885871010771
20,D,13,Plagioselmis,Plagioselmis,11.625,small,CryRho000_3202546,I,7.1615662909504
20,D,13,Koliella,Koliella,21.3125,small,TreKollon_2638730,IV,2.37118852577953e-06
20,D,13,Cryptomonas,Cryptomonas,15.5,small,CryCry000_3202413,V,0.0851543484043086
20,D,13,Sphaerocystis,Sphaerocystis,13.5625,small,ChlSph000_2639562,I,8.49743263748341e-07
20,D,13,Golenkinia,Golenkinia,5.8125,small,ChlGolrad_2641100,IV,12465.8396494443
20,D,13,Chrysochromulina,Chrysochromulina,7.75,small,PryChr000_3202213,I,3.12967812085786
20,D,13,Chlamydomonas,Chlamydomonas,7.75,small,ChlChl000_5271004,I,0.0952857487208191
20,D,13,Monoraphidium,Monoraphidium,7.75,small,ChlMon000_0000000,IV,0.155742381516002
20,C,10,Merismopedia,Merismopedia,80.6666666666667,small,CyaMer000_0000000,I,11422.0283594457
20,C,10,Quadrigula,Quadrigula,24.968253968254,small,ChlQua000_2641259,IV,27532.4692171104
20,C,10,Centrales,Centrales,322.666666666667,small,BacCyc000_3193095,VI,0.00189117175634495
20,C,10,Plagioselmis,Plagioselmis,111.396825396825,small,CryRho000_3202546,I,68.6258709402832
20,C,10,Cryptomonas,Cryptomonas,7.68253968253968,small,CryCry000_3202413,V,0.0422065587585103
20,C,10,Chrysochromulina,Chrysochromulina,23.047619047619,small,PryChr000_3202213,I,9.30730697692905
20,C,10,Snowella,Snowella,1.92063492063492,small,CyaSno000_3217087,I,1.64532431037663
20,C,10,Chlamydomonas,Chlamydomonas,38.4126984126984,small,ChlChl000_5271004,I,0.472281642405289
20,C,10,Cryptomonas,Cryptomonas,1.92063492063492,small,CryCry000_3202413,V,0.0105516396896276
20,C,10,Elakatothrix,Elakatothrix,7.68253968253968,small,KleElagel_2641001,IV,0.218134581617562
20,C,10,Desmodesmus,Desmodesmus,1.92063492063492,small,ChlDes000_2652440,IV,3.12586938187082e-07
20,C,10,Sphaerocystis,Sphaerocystis,3.84126984126984,small,ChlSph000_2639562,I,2.40670464284513e-07
20,C,10,Ankyra,Ankyra,5.76190476190476,small,ChlAnkjud_2642105,IV,1.1980382388967
20,C,10,Oocystis,Oocystis,17.2857142857143,small,TreOoc000_2641454,IV,0.413047631392229
20,I,5,Merismopedia,Merismopedia,72.7407407407407,small,CyaMer000_0000000,I,10299.7537639813
20,I,5,Sphaerocystis,Sphaerocystis,18.1851851851852,small,ChlSph000_2639562,I,1.13937243215685e-06
20,I,5,Centrales,Centrales,110.92962962963,small,BacCyc000_3193095,VI,0.000650166268070335
20,I,5,Cryptomonas,Cryptomonas,36.3703703703704,small,CryCry000_3202413,V,0.199812592910468
20,I,5,Desmodesmus,Desmodesmus,76.3777777777778,small,ChlDes000_2652440,IV,1.24306266873438e-05
20,I,5,Chrysochromulina,Chrysochromulina,5.45555555555556,small,PryChr000_3202213,I,2.20311391733507
20,I,5,Elakatothrix,Elakatothrix,107.292592592593,small,KleElagel_2641001,IV,3.04641769036875
20,I,5,Chlamydomonas,Chlamydomonas,18.1851851851852,small,ChlChl000_5271004,I,0.223585675612531
20,I,5,Sphaerocystis,Sphaerocystis,5.45555555555556,small,ChlSph000_2639562,I,3.41811729647054e-07
20,I,5,Quadrigula,Quadrigula,12.7296296296296,small,ChlQua000_2641259,IV,14036.9501355046
20,I,5,Oocystis,Oocystis,20.0037037037037,small,TreOoc000_2641454,IV,0.477994851547169
20,I,5,Plagioselmis,Plagioselmis,43.6444444444445,small,CryRho000_3202546,I,26.8871038383304
20,I,5,Ankyra,Ankyra,34.5518518518519,small,ChlAnkjud_2642105,IV,7.18415896369802
20,I,5,Gloeocapsa,Gloeocapsa,1.81851851851852,small,CyaGlo000_3217637,VII,487.513123685954
20,I,5,Cryptomonas,Cryptomonas,16.3666666666667,small,CryCry000_3202413,V,0.0899156668097108
20,I,5,Ankistrodesmus,Ankistrodesmus,1.81851851851852,small,ChlAnk000_9516573,IV,273.750045038499
20,I,5,Coelastrum,Coelastrum,1.81851851851852,small,ChlCoe000_7749802,IV,0.0159981032026842
20,I,5,Snowella,Snowella,3.63703703703704,small,CyaSno000_3217087,I,3.11569126984268
20,C,16,Merismopedia,Merismopedia,62.8,small,CyaMer000_0000000,I,8892.19067322134
20,C,16,Elakatothrix,Elakatothrix,17.27,small,KleElagel_2641001,IV,0.490356624268025
20,C,16,Plagioselmis,Plagioselmis,73.79,small,CryRho000_3202546,I,45.4582345470305
20,C,16,Centrales,Centrales,251.2,small,BacCyc000_3193095,VI,0.00147230065659251
20,C,16,Snowella,Snowella,1.57,small,CyaSno000_3217087,I,1.34495064082109
20,C,16,Quadrigula,Quadrigula,78.5,small,ChlQua000_2641259,IV,86561.8731806864
20,C,16,Cryptomonas,Cryptomonas,10.99,small,CryCry000_3202413,V,0.0603771799331194
20,C,16,Ankyra,Ankyra,9.42,small,ChlAnkjud_2642105,IV,1.95864400345906
20,C,16,Chlamydomonas,Chlamydomonas,12.56,small,ChlChl000_5271004,I,0.154424387604321
20,C,16,Chrysochromulina,Chrysochromulina,18.84,small,PryChr000_3202213,I,7.60814655444671
20,C,16,Sphaerocystis,Sphaerocystis,7.85,small,ChlSph000_2639562,I,4.9183296740457e-07
20,C,16,Oocystis,Oocystis,1.57,small,TreOoc000_2641454,IV,0.0375156485041372
20,C,16,Desmodesmus,Desmodesmus,3.14,small,ChlDes000_2652440,IV,5.11040893488997e-07
20,C,7,Merismopedia,Merismopedia,75.3333333333333,small,CyaMer000_0000000,I,10666.852930722
20,C,7,Chlamydomonas,Chlamydomonas,23.0185185185185,small,ChlChl000_5271004,I,0.283011196320139
20,C,7,Quadrigula,Quadrigula,62.7777777777778,small,ChlQua000_2641259,IV,69224.9941218511
20,C,7,Plagioselmis,Plagioselmis,117.185185185185,small,CryRho000_3202546,I,72.191782539441
20,C,7,Centrales,Centrales,393.407407407407,small,BacCyc000_3193095,VI,0.0023057881537989
20,C,7,Oocystis,Oocystis,8.37037037037037,small,TreOoc000_2641454,IV,0.200012657747936
20,C,7,Cryptomonas,Cryptomonas,14.6481481481481,small,CryCry000_3202413,V,0.0804744200571184
20,C,7,Chrysochromulina,Chrysochromulina,41.8518518518518,small,PryChr000_3202213,I,16.9010096849194
20,C,7,Cryptomonas,Cryptomonas,14.6481481481481,small,CryCry000_3202413,V,0.0804744200571184
20,C,7,Ankyra,Ankyra,12.5555555555556,small,ChlAnkjud_2642105,IV,2.61060123131485
20,C,7,Elakatothrix,Elakatothrix,16.7407407407407,small,KleElagel_2641001,IV,0.475329074544055
20,C,7,Sphaerocystis,Sphaerocystis,8.37037037037037,small,ChlSph000_2639562,I,5.24436190768732e-07
20,C,7,Desmodesmus,Desmodesmus,2.09259259259259,small,ChlDes000_2652440,IV,3.40573372046807e-07
20,C,7,Golenkinia,Golenkinia,2.09259259259259,small,ChlGolrad_2641100,IV,4487.90085348373
20,C,7,Stauridium,Stauridium,2.09259259259259,small,ChlSta000_4339881,IV,0.0080485893766473
20,C,7,Gloeocapsa,Gloeocapsa,2.09259259259259,small,CyaGlo000_3217637,VII,560.987606685466
20,D,8,Merismopedia,Merismopedia,58.8461538461538,small,CyaMer000_0000000,I,8332.34427365792
20,D,8,Plagioselmis,Plagioselmis,54.9230769230769,small,CryRho000_3202546,I,33.835290863448
20,D,8,Centrales,Centrales,186.346153846154,small,BacCyc000_3193095,VI,0.00109218775740916
20,D,8,Elakatothrix,Elakatothrix,19.6153846153846,small,KleElagel_2641001,IV,0.556950421755585
20,D,8,Koliella,Koliella,15.6923076923077,small,TreKollon_2638730,IV,1.74589653691504e-06
20,D,8,Desmodesmus,Desmodesmus,15.6923076923077,small,ChlDes000_2652440,IV,2.55395252993031e-06
20,D,8,Sphaerocystis,Sphaerocystis,13.7307692307692,small,ChlSph000_2639562,I,8.60285984142241e-07
20,D,8,Cryptomonas,Cryptomonas,13.7307692307692,small,CryCry000_3202413,V,0.0754344972216828
20,D,8,Chlamydomonas,Chlamydomonas,15.6923076923077,small,ChlChl000_5271004,I,0.192935908079872
20,D,8,Chrysochromulina,Chrysochromulina,21.5769230769231,small,PryChr000_3202213,I,8.71339665410054
20,D,8,Quadrigula,Quadrigula,47.0769230769231,small,ChlQua000_2641259,IV,51911.6770079177
20,D,8,Oocystis,Oocystis,11.7692307692308,small,TreOoc000_2641454,IV,0.28122950617996
20,D,8,Ankyra,Ankyra,15.6923076923077,small,ChlAnkjud_2642105,IV,3.26280725710965
20,D,8,Cryptomonas,Cryptomonas,7.84615384615385,small,CryCry000_3202413,V,0.0431054269838187
20,I,3,Desmodesmus,Desmodesmus,129.066666666667,small,ChlDes000_2652440,IV,2.10058422461719e-05
20,I,3,Ankyra,Ankyra,19.7185185185185,small,ChlAnkjud_2642105,IV,4.09995308422427
20,I,3,Merismopedia,Merismopedia,71.7037037037037,small,CyaMer000_0000000,I,10152.914097285
20,I,3,Cryptomonas,Cryptomonas,34.0592592592593,small,CryCry000_3202413,V,0.187115743829396
20,I,3,Chlamydomonas,Chlamydomonas,1.79259259259259,small,ChlChl000_5271004,I,0.0220398099789135
20,I,3,Chrysochromulina,Chrysochromulina,8.96296296296296,small,PryChr000_3202213,I,3.61950826880574
20,I,3,Sphaerocystis,Sphaerocystis,14.3407407407407,small,ChlSph000_2639562,I,8.98503066662181e-07
20,I,3,Elakatothrix,Elakatothrix,82.4592592592593,small,KleElagel_2641001,IV,2.3413111760285
20,I,3,Cryptomonas,Cryptomonas,7.17037037037037,small,CryCry000_3202413,V,0.0393927881746097
20,I,3,Oocystis,Oocystis,14.3407407407407,small,TreOoc000_2641454,IV,0.342676553451331
20,I,3,Quadrigula,Quadrigula,23.3037037037037,small,ChlQua000_2641259,IV,25696.9712693031
20,I,3,Centrales,Centrales,39.437037037037,small,BacCyc000_3193095,VI,0.000231143214664383
20,I,3,Plagioselmis,Plagioselmis,10.7555555555556,small,CryRho000_3202546,I,6.62594615975148
20,I,3,Sphaerocystis,Sphaerocystis,26.8888888888889,small,ChlSph000_2639562,I,1.68469324999159e-06
20,I,3,Coelastrum,Coelastrum,1.79259259259259,small,ChlCoe000_7749802,IV,0.0157700243382875
20,I,3,Koliella,Koliella,1.79259259259259,small,TreKollon_2638730,IV,1.99440468596032e-07
20,I,3,Snowella,Snowella,1.79259259259259,small,CyaSno000_3217087,I,1.53563602301818
12,I,3,Centrales,Centrales,158.552083333333,small,BacSte000_3193250,VI,0.000929284778645612
12,I,3,Centrales,Centrales,355.463541666667,small,BacCyc000_3193095,VI,0.00208339651986678
12,I,3,Quadrigula,Quadrigula,7.671875,small,ChlQua000_2641259,IV,8459.76905487998
12,I,3,Merismopedia,Merismopedia,74.1614583333333,small,CyaMer000_0000000,I,10500.9208296841
12,I,3,Cryptomonas,Cryptomonas,30.6875,small,CryCry000_3202413,V,0.168591875268208
12,I,3,Sphaerocystis,Sphaerocystis,12.7864583333333,small,ChlSph000_2639562,I,8.01121241360283e-07
12,I,3,Chrysochromulina,Chrysochromulina,86.9479166666667,small,PryChr000_3202213,I,35.1121280575276
12,I,3,Plagioselmis,Plagioselmis,10.2291666666667,small,CryRho000_3202546,I,6.30166496210868
12,I,3,Desmodesmus,Desmodesmus,10.2291666666667,small,ChlDes000_2652440,IV,1.66481607419783e-06
12,I,3,Cryptomonas,Cryptomonas,7.671875,small,CryCry000_3202413,V,0.0421479688170519
12,I,3,Ankyra,Ankyra,10.2291666666667,small,ChlAnkjud_2642105,IV,2.12688916688428
12,I,3,Elakatothrix,Elakatothrix,5.11458333333333,small,KleElagel_2641001,IV,0.145221182273934
12,I,3,Chlamydomonas,Chlamydomonas,2.55729166666667,small,ChlChl000_5271004,I,0.0314417356330122
12,I,3,Tetraedron,Tetraedron,2.55729166666667,small,ChlTet000_2672378,IV,69.046875
12,C,7,Merismopedia,Merismopedia,68.5576923076923,small,CyaMer000_0000000,I,9707.45337764395
12,C,7,Centrales,Centrales,503.75,small,BacCyc000_3193095,VI,0.00295251375700032
12,C,7,Cryptomonas,Cryptomonas,29.8076923076923,small,CryCry000_3202413,V,0.163758362315978
12,C,7,Chrysochromulina,Chrysochromulina,116.25,small,PryChr000_3202213,I,46.9451718128679
12,C,7,Centrales,Centrales,199.711538461538,small,BacSte000_3193250,VI,0.00117052320543799
12,C,7,Chlamydomonas,Chlamydomonas,17.8846153846154,small,ChlChl000_5271004,I,0.219890189355736
12,C,7,Cryptomonas,Cryptomonas,5.96153846153846,small,CryCry000_3202413,V,0.0327516724631956
12,C,7,Desmodesmus,Desmodesmus,5.96153846153846,small,ChlDes000_2652440,IV,9.70251573870584e-07
12,C,7,Monoraphidium,Monoraphidium,2.98076923076923,small,ChlMon000_0000000,IV,0.0599009159676932
12,C,7,Quadrigula,Quadrigula,2.98076923076923,small,ChlQua000_2641259,IV,3286.89131381832
12,C,7,Ankyra,Ankyra,2.98076923076923,small,ChlAnkjud_2642105,IV,0.619773437318622
12,C,7,Koliella,Koliella,2.98076923076923,small,TreKollon_2638730,IV,3.31634758850284e-07
12,C,7,Elakatothrix,Elakatothrix,2.98076923076923,small,KleElagel_2641001,IV,0.0846346229138389
12,D,13,Merismopedia,Merismopedia,46.5820512820513,small,CyaMer000_0000000,I,6595.80385270342
12,D,13,Centrales,Centrales,338.664102564103,small,BacCyc000_3193095,VI,0.00198493383984651
12,D,13,Plagioselmis,Plagioselmis,7.55384615384615,small,CryRho000_3202546,I,4.65353720278795
12,D,13,Chrysochromulina,Chrysochromulina,12.5897435897436,small,PryChr000_3202213,I,5.084109040004
12,D,13,Elakatothrix,Elakatothrix,2.51794871794872,small,KleElagel_2641001,IV,0.0714935051194751
12,D,13,Chlamydomonas,Chlamydomonas,2.51794871794872,small,ChlChl000_5271004,I,0.0309580166232736
12,D,13,Oocystis,Oocystis,1.25897435897436,small,TreOoc000_2641454,IV,0.0300835920554162
12,D,13,Centrales,Centrales,2.51794871794872,small,BacSte000_3193250,VI,1.47578724152157e-05
12,D,13,Ankyra,Ankyra,5.03589743589744,small,ChlAnkjud_2642105,IV,1.04708389754303
12,D,13,Sphaerocystis,Sphaerocystis,1.25897435897436,small,ChlSph000_2639562,I,7.88796299185509e-08
12,E,9,Merismopedia,Merismopedia,63,small,CyaMer000_0000000,I,8920.50975179848
12,E,9,Centrales,Centrales,310.5,small,BacCyc000_3193095,VI,0.00181986207751583
12,E,9,Centrales,Centrales,42,small,BacSte000_3193250,VI,0.000246164918697793
12,E,9,Plagioselmis,Plagioselmis,27,small,CryRho000_3202546,I,16.6333152564009
12,E,9,Chrysochromulina,Chrysochromulina,18,small,PryChr000_3202213,I,7.26892982908922
12,E,9,Ankistrodesmus,Ankistrodesmus,3,small,ChlAnk000_9516573,IV,451.603943953533
12,E,9,Oocystis,Oocystis,4.5,small,TreOoc000_2641454,IV,0.107528928833514
12,E,9,Chlamydomonas,Chlamydomonas,3,small,ChlChl000_5271004,I,0.0368848059564461
12,E,9,Gloeocapsa,Gloeocapsa,3,small,CyaGlo000_3217637,VII,804.247719318987
12,E,9,Cryptomonas,Cryptomonas,6,small,CryCry000_3202413,V,0.0329629735758614
12,E,9,Quadrigula,Quadrigula,3,small,ChlQua000_2641259,IV,3308.09706423005
12,E,9,Elakatothrix,Elakatothrix,1.5,small,KleElagel_2641001,IV,0.0425903263695447
12,E,9,Golenkinia,Golenkinia,1.5,small,ChlGolrad_2641100,IV,3216.99087727595
12,E,9,Desmodesmus,Desmodesmus,4.5,small,ChlDes000_2652440,IV,7.32383446082957e-07
12,E,9,Ankyra,Ankyra,1.5,small,ChlAnkjud_2642105,IV,0.311885987811952
12,E,4,Merismopedia,Merismopedia,70.38,small,CyaMer000_0000000,I,9965.48375129487
12,E,4,Chrysochromulina,Chrysochromulina,131.58,small,PryChr000_3202213,I,53.1358770506422
12,E,4,Centrales,Centrales,400.86,small,BacCyc000_3193095,VI,0.00234946831688565
12,E,4,Desmodesmus,Desmodesmus,6.12,small,ChlDes000_2652440,IV,9.96041486672822e-07
12,E,4,Centrales,Centrales,177.48,small,BacSte000_3193250,VI,0.00104022261358296
12,E,4,Cryptomonas,Cryptomonas,21.42,small,CryCry000_3202413,V,0.117677815665825
12,E,4,Cryptomonas,Cryptomonas,9.18,small,CryCry000_3202413,V,0.0504333495710679
12,E,4,Quadrigula,Quadrigula,27.54,small,ChlQua000_2641259,IV,30368.3310496319
12,E,4,Oocystis,Oocystis,3.06,small,TreOoc000_2641454,IV,0.0731196716067897
12,E,4,Tetraedron,Tetraedron,110.16,small,ChlTet000_2672378,IV,2974.32
12,E,4,Ankyra,Ankyra,3.06,small,ChlAnkjud_2642105,IV,0.636247415136381
12,E,4,Monoraphidium,Monoraphidium,6.12,small,ChlMon000_0000000,IV,0.122986241919734
12,E,4,Plagioselmis,Plagioselmis,3.06,small,CryRho000_3202546,I,1.88510906239211
12,E,4,Golenkinia,Golenkinia,3.06,small,ChlGolrad_2641100,IV,6562.66138964293
12,I,12,Merismopedia,Merismopedia,67.8333333333333,small,CyaMer000_0000000,I,9604.88748407931
12,I,12,Centrales,Centrales,223.666666666667,small,BacCyc000_3193095,VI,0.00131092587655729
12,I,12,Centrales,Centrales,78.8333333333333,small,BacSte000_3193250,VI,0.000462047645016096
12,I,12,Plagioselmis,Plagioselmis,29.3333333333333,small,CryRho000_3202546,I,18.0707622538677
12,I,12,Quadrigula,Quadrigula,11,small,ChlQua000_2641259,IV,12129.6892355102
12,I,12,Cryptomonas,Cryptomonas,3.66666666666667,small,CryCry000_3202413,V,0.0201440394074708
12,I,12,Desmodesmus,Desmodesmus,5.5,small,ChlDes000_2652440,IV,8.95135322990281e-07
12,I,12,Chrysochromulina,Chrysochromulina,36.6666666666667,small,PryChr000_3202213,I,14.807079281478
12,I,12,Ankyra,Ankyra,1.83333333333333,small,ChlAnkjud_2642105,IV,0.381193985103496
12,I,12,Golenkinia,Golenkinia,1.83333333333333,small,ChlGolrad_2641100,IV,3931.87773889283
12,I,12,Coelastrum,Coelastrum,5.5,small,ChlCoe000_7749802,IV,0.0483853019470185
12,I,12,Cryptomonas,Cryptomonas,1.83333333333333,small,CryCry000_3202413,V,0.0100720197037354
12,I,12,Elakatothrix,Elakatothrix,1.83333333333333,small,KleElagel_2641001,IV,0.0520548433405547
12,C,1,Merismopedia,Merismopedia,69.6833333333333,small,CyaMer000_0000000,I,9866.83896091784
12,C,1,Centrales,Centrales,448.233333333333,small,BacCyc000_3193095,VI,0.00262712671565811
12,C,1,Chrysochromulina,Chrysochromulina,32.0166666666667,small,PryChr000_3202213,I,12.9292724089633
12,C,1,Koliella,Koliella,1.88333333333333,small,TreKollon_2638730,IV,2.09536112150996e-07
12,C,1,Plagioselmis,Plagioselmis,26.3666666666667,small,CryRho000_3202546,I,16.2431510713742
12,C,1,Chlamydomonas,Chlamydomonas,20.7166666666667,small,ChlChl000_5271004,I,0.254710076688125
12,C,1,Centrales,Centrales,9.41666666666666,small,BacSte000_3193250,VI,5.51917377239099e-05
12,C,1,Quadrigula,Quadrigula,5.65,small,ChlQua000_2641259,IV,6230.2494709666
12,C,1,Tetraedron,Tetraedron,1.88333333333333,small,ChlTet000_2672378,IV,50.85
12,C,1,Gloeocapsa,Gloeocapsa,1.88333333333333,small,CyaGlo000_3217637,VII,504.88884601692
12,C,1,Desmodesmus,Desmodesmus,3.76666666666667,small,ChlDes000_2652440,IV,6.13032069684253e-07
12,C,1,Snowella,Snowella,3.76666666666667,small,CyaSno000_3217087,I,3.22673932935846
12,C,1,Golenkinia,Golenkinia,3.76666666666667,small,ChlGolrad_2641100,IV,8078.22153627071
12,C,1,Cryptomonas,Cryptomonas,1.88333333333333,small,CryCry000_3202413,V,0.0103467111502009
12,D,11,Merismopedia,Merismopedia,80.7428571428571,small,CyaMer000_0000000,I,11432.816579856
12,D,11,Golenkinia,Golenkinia,6.72857142857143,small,ChlGolrad_2641100,IV,14430.5019352092
12,D,11,Centrales,Centrales,248.957142857143,small,BacSte000_3193250,VI,0.0014591551150158
12,D,11,Centrales,Centrales,334.185714285714,small,BacCyc000_3193095,VI,0.00195868569493111
12,D,11,Cryptomonas,Cryptomonas,29.1571428571429,small,CryCry000_3202413,V,0.160184354924603
12,D,11,Tetraedron,Tetraedron,6.72857142857143,small,ChlTet000_2672378,IV,181.671428571429
12,D,11,Chlamydomonas,Chlamydomonas,8.97142857142857,small,ChlChl000_5271004,I,0.110303134003086
12,D,11,Plagioselmis,Plagioselmis,44.8571428571429,small,CryRho000_3202546,I,27.634185134973
12,D,11,Cryptomonas,Cryptomonas,13.4571428571429,small,CryCry000_3202413,V,0.073931240734432
12,D,11,Koliella,Koliella,4.48571428571428,small,TreKollon_2638730,IV,4.99072105300224e-07
12,D,11,Desmodesmus,Desmodesmus,6.72857142857143,small,ChlDes000_2652440,IV,1.09508762890499e-06
12,D,11,Snowella,Snowella,2.24285714285714,small,CyaSno000_3217087,I,1.92135805831584
12,D,11,Elakatothrix,Elakatothrix,2.24285714285714,small,KleElagel_2641001,IV,0.0636826784763669
12,D,11,Oocystis,Oocystis,2.24285714285714,small,TreOoc000_2641454,IV,0.0535937835773388
12,D,11,Quadrigula,Quadrigula,2.24285714285714,small,ChlQua000_2641259,IV,2473.19637659104
12,D,11,Monoraphidium,Monoraphidium,2.24285714285714,small,ChlMon000_0000000,IV,0.0450719887520965
12,D,2,Merismopedia,Merismopedia,75.1034482758621,small,CyaMer000_0000000,I,10634.3022656908
12,D,2,Centrales,Centrales,228.091954022988,small,BacSte000_3193250,VI,0.00133686279327833
12,D,2,Chrysochromulina,Chrysochromulina,158.551724137931,small,PryChr000_3202213,I,64.027853168874
12,D,2,Elakatothrix,Elakatothrix,11.1264367816092,small,KleElagel_2641001,IV,0.315919049239228
12,D,2,Quadrigula,Quadrigula,16.6896551724138,small,ChlQua000_2641259,IV,18403.6664262913
12,D,2,Centrales,Centrales,436.712643678161,small,BacCyc000_3193095,VI,0.00255960315298411
12,D,2,Plagioselmis,Plagioselmis,36.1609195402299,small,CryRho000_3202546,I,22.2768879508886
12,D,2,Cryptomonas,Cryptomonas,11.1264367816092,small,CryCry000_3202413,V,0.061126740270946
12,D,2,Chlamydomonas,Chlamydomonas,22.2528735632184,small,ChlChl000_5271004,I,0.273597641117547
12,D,2,Golenkinia,Golenkinia,5.5632183908046,small,ChlGolrad_2641100,IV,11931.2152076748
12,D,2,Cryptomonas,Cryptomonas,36.1609195402299,small,CryCry000_3202413,V,0.198661905880575
12,D,2,Sphaerocystis,Sphaerocystis,38.9425287356322,small,ChlSph000_2639562,I,2.43990056895334e-06
12,D,2,Ankistrodesmus,Ankistrodesmus,2.7816091954023,small,ChlAnk000_9516573,IV,418.728561060364
12,D,2,Tetraedron,Tetraedron,5.5632183908046,small,ChlTet000_2672378,IV,150.206896551724
12,I,5,Merismopedia,Merismopedia,84,small,CyaMer000_0000000,I,11894.013002398
12,I,5,Centrales,Centrales,60,small,BacSte000_3193250,VI,0.000351664169568276
12,I,5,Oocystis,Oocystis,324,small,TreOoc000_2641454,IV,7.74208287601302
12,I,5,Cryptomonas,Cryptomonas,48,small,CryCry000_3202413,V,0.263703788606891
12,I,5,Chrysochromulina,Chrysochromulina,112,small,PryChr000_3202213,I,45.2288967143329
12,I,5,Centrales,Centrales,708,small,BacCyc000_3193095,VI,0.00414963720090565
12,I,5,Plagioselmis,Plagioselmis,24,small,CryRho000_3202546,I,14.7851691168008
12,I,5,Sphaerocystis,Sphaerocystis,8,small,ChlSph000_2639562,I,5.01231049584275e-07
12,I,5,Tetraedron,Tetraedron,12,small,ChlTet000_2672378,IV,324
12,I,5,Ankyra,Ankyra,4,small,ChlAnkjud_2642105,IV,0.831695967498538
12,I,5,Chlamydomonas,Chlamydomonas,4,small,ChlChl000_5271004,I,0.0491797412752615
12,I,5,Golenkinia,Golenkinia,4,small,ChlGolrad_2641100,IV,8578.64233940253
12,I,5,Quadrigula,Quadrigula,4,small,ChlQua000_2641259,IV,4410.79608564007
12,I,5,Desmodesmus,Desmodesmus,4,small,ChlDes000_2652440,IV,6.51007507629295e-07
12,E,6,Merismopedia,Merismopedia,74.5592592592593,small,CyaMer000_0000000,I,10557.2476080808
12,E,6,Centrales,Centrales,65.4666666666667,small,BacSte000_3193250,VI,0.000383704682795608
12,E,6,Cryptomonas,Cryptomonas,14.5481481481481,small,CryCry000_3202413,V,0.0799250371641874
12,E,6,Cryptomonas,Cryptomonas,9.09259259259259,small,CryCry000_3202413,V,0.0499531482276171
12,E,6,Chrysochromulina,Chrysochromulina,34.5518518518519,small,PryChr000_3202213,I,13.9530548097887
12,E,6,Centrales,Centrales,343.7,small,BacCyc000_3193095,VI,0.00201444958467694
12,E,6,Elakatothrix,Elakatothrix,3.63703703703704,small,KleElagel_2641001,IV,0.103268396283686
12,E,6,Sphaerocystis,Sphaerocystis,1.81851851851852,small,ChlSph000_2639562,I,1.13937243215685e-07
12,E,6,Chlamydomonas,Chlamydomonas,20.0037037037037,small,ChlChl000_5271004,I,0.245944243173784
12,E,6,Plagioselmis,Plagioselmis,34.5518518518519,small,CryRho000_3202546,I,21.2856238720116
12,E,6,Oocystis,Oocystis,7.27407407407407,small,TreOoc000_2641454,IV,0.173816309653516
12,E,6,Ankistrodesmus,Ankistrodesmus,1.81851851851852,small,ChlAnk000_9516573,IV,273.750045038499
12,E,6,Desmodesmus,Desmodesmus,3.63703703703704,small,ChlDes000_2652440,IV,5.9193460415923e-07
12,E,6,Quadrigula,Quadrigula,1.81851851851852,small,ChlQua000_2641259,IV,2005.27859078637
12,C,16,Merismopedia,Merismopedia,70.6617647058824,small,CyaMer000_0000000,I,10005.3803355256
12,C,16,Centrales,Centrales,663.308823529412,small,BacCyc000_3193095,VI,0.00388769910989634
12,C,16,Chrysochromulina,Chrysochromulina,6.83823529411765,small,PryChr000_3202213,I,2.76148069487458
12,C,16,Elakatothrix,Elakatothrix,2.27941176470588,small,KleElagel_2641001,IV,0.0647205939929356
12,C,16,Chlamydomonas,Chlamydomonas,2.27941176470588,small,ChlChl000_5271004,I,0.0280252202120056
12,C,16,Golenkinia,Golenkinia,2.27941176470588,small,ChlGolrad_2641100,IV,4888.56456840953
12,C,16,Ankyra,Ankyra,2.27941176470588,small,ChlAnkjud_2642105,IV,0.473944393243652
12,C,16,Chrysochromulina,Chrysochromulina,13.6764705882353,small,PryChr000_3202213,I,5.52296138974916
12,C,16,Centrales,Centrales,4.55882352941176,small,BacSte000_3193250,VI,2.67195815113151e-05
12,C,16,Quadrigula,Quadrigula,4.55882352941176,small,ChlQua000_2641259,IV,5027.01024466331
12,C,16,Sphaerocystis,Sphaerocystis,2.27941176470588,small,ChlSph000_2639562,I,1.42813993907284e-07
12,C,16,Cryptomonas,Cryptomonas,2.27941176470588,small,CryCry000_3202413,V,0.0125226982947513
12,D,8,Centrales,Centrales,280.839506172839,small,BacSte000_3193250,VI,0.00164601986200394
12,D,8,Merismopedia,Merismopedia,71.7037037037037,small,CyaMer000_0000000,I,10152.914097285
12,D,8,Quadrigula,Quadrigula,11.9506172839506,small,ChlQua000_2641259,IV,13177.933984258
12,D,8,Chlamydomonas,Chlamydomonas,35.8518518518518,small,ChlChl000_5271004,I,0.440796199578269
12,D,8,Plagioselmis,Plagioselmis,29.8765432098765,small,CryRho000_3202546,I,18.4054059993097
12,D,8,Centrales,Centrales,406.320987654321,small,BacCyc000_3193095,VI,0.00238147554502697
12,D,8,Chrysochromulina,Chrysochromulina,71.7037037037037,small,PryChr000_3202213,I,28.9560661504459
12,D,8,Cryptomonas,Cryptomonas,35.8518518518518,small,CryCry000_3202413,V,0.196963940873048
12,D,8,Oocystis,Oocystis,2.98765432098765,small,TreOoc000_2641454,IV,0.0713909486356939
12,D,8,Tetraedron,Tetraedron,5.97530864197531,small,ChlTet000_2672378,IV,161.333333333333
12,D,8,Desmodesmus,Desmodesmus,2.98765432098765,small,ChlDes000_2652440,IV,4.86246348291017e-07
12,I,12,Merismopedia,Merismopedia,76.5,small,CyaMer000_0000000,I,10832.0475557553
12,I,12,Desmodesmus,Desmodesmus,21.8571428571429,small,ChlDes000_2652440,IV,3.55729102383151e-06
12,I,12,Chlamydomonas,Chlamydomonas,43.7142857142857,small,ChlChl000_5271004,I,0.537464315365357
12,I,12,Centrales,Centrales,1152.96428571429,small,BacCyc000_3193095,VI,0.00675760380129324
12,I,12,Chrysochromulina,Chrysochromulina,142.071428571429,small,PryChr000_3202213,I,57.3726247224542
12,I,12,Centrales,Centrales,502.714285714286,small,BacSte000_3193250,VI,0.00294644336359705
12,I,12,Cryptomonas,Cryptomonas,54.6428571428571,small,CryCry000_3202413,V,0.300198509351595
12,I,12,Plagioselmis,Plagioselmis,10.9285714285714,small,CryRho000_3202546,I,6.73253236568609
12,I,12,Tetraedron,Tetraedron,174.857142857143,small,ChlTet000_2672378,IV,4721.14285714286
12,I,12,Cosmarium,Cosmarium,5.46428571428571,small,ZygCos000_2648709,IV,0.0296060102167014
12,I,12,Elakatothrix,Elakatothrix,38.25,small,KleElagel_2641001,IV,1.08605332242339
12,I,12,Ankyra,Ankyra,5.46428571428571,small,ChlAnkjud_2642105,IV,1.13615609845782
12,I,12,Golenkinia,Golenkinia,10.9285714285714,small,ChlGolrad_2641100,IV,23438.0763915819
12,E,15,Merismopedia,Merismopedia,64.2549019607843,small,CyaMer000_0000000,I,9098.19808796875
12,E,15,Centrales,Centrales,97.4901960784314,small,BacSte000_3193250,VI,0.000571396814082832
12,E,15,Centrales,Centrales,418.764705882353,small,BacCyc000_3193095,VI,0.00245440904231035
12,E,15,Chrysochromulina,Chrysochromulina,24.3725490196078,small,PryChr000_3202213,I,9.84235269886481
12,E,15,Chlamydomonas,Chlamydomonas,13.2941176470588,small,ChlChl000_5271004,I,0.16345031659131
12,E,15,Ankyra,Ankyra,6.64705882352941,small,ChlAnkjud_2642105,IV,1.38208300481375
12,E,15,Plagioselmis,Plagioselmis,31.0196078431372,small,CryRho000_3202546,I,19.1095894957344
12,E,15,Oocystis,Oocystis,22.156862745098,small,TreOoc000_2641454,IV,0.529445270509242
12,E,15,Cryptomonas,Cryptomonas,4.43137254901961,small,CryCry000_3202413,V,0.0243452027063551
12,E,15,Elakatothrix,Elakatothrix,13.2941176470588,small,KleElagel_2641001,IV,0.377467206255573
12,E,15,Quadrigula,Quadrigula,4.43137254901961,small,ChlQua000_2641259,IV,4886.47017330714
12,E,15,Desmodesmus,Desmodesmus,2.2156862745098,small,ChlDes000_2652440,IV,3.60607099814266e-07
12,E,15,Cryptomonas,Cryptomonas,6.64705882352941,small,CryCry000_3202413,V,0.0365178040595327
12,E,15,Coelastrum,Coelastrum,2.2156862745098,small,ChlCoe000_7749802,IV,0.019492118074913
12,E,15,Golenkinia,Golenkinia,11.078431372549,small,ChlGolrad_2641100,IV,23759.4751066786
12,C,10,Merismopedia,Merismopedia,58.2767295597484,small,CyaMer000_0000000,I,8251.71641810569
12,C,10,Centrales,Centrales,417.88679245283,small,BacCyc000_3193095,VI,0.00244926353069125
12,C,10,Snowella,Snowella,2.84276729559748,small,CyaSno000_3217087,I,2.43527496555355
12,C,10,Golenkinia,Golenkinia,11.3710691823899,small,ChlGolrad_2641100,IV,24387.0838830814
12,C,10,Chrysochromulina,Chrysochromulina,9.94968553459119,small,PryChr000_3202213,I,4.01797588735819
12,C,10,Chlamydomonas,Chlamydomonas,12.7924528301887,small,ChlChl000_5271004,I,0.157282380116166
12,C,10,Centrales,Centrales,5.68553459119497,small,BacSte000_3193250,VI,3.33233133427381e-05
12,C,10,Elakatothrix,Elakatothrix,5.68553459119497,small,KleElagel_2641001,IV,0.161432515882887
12,C,10,Tetraedron,Tetraedron,1.42138364779874,small,ChlTet000_2672378,IV,38.377358490566
12,C,10,Plagioselmis,Plagioselmis,1.42138364779874,small,CryRho000_3202546,I,0.875641567189986
12,C,10,Oocystis,Oocystis,1.42138364779874,small,TreOoc000_2641454,IV,0.0339644135798382
36,E,6,Desmodesmus,Desmodesmus,930,small,ChlDes000_2652440,IV,0.000151359245523811
36,E,6,Scenedesmus,Scenedesmus,12.2368421052632,small,ChlScearc_2640846,IV,0.194924853240662
36,E,6,Quadrigula,Quadrigula,61.1842105263158,small,ChlQua000_2641259,IV,67467.7690731129
36,E,6,Oocystis,Oocystis,44.8684210526316,small,TreOoc000_2641454,IV,1.07214516760902
36,E,6,Merismopedia,Merismopedia,77.5,small,CyaMer000_0000000,I,10973.642948641
36,E,6,Plagioselmis,Plagioselmis,289.605263157895,small,CryRho000_3202546,I,178.410949704378
36,E,6,Cryptomonas,Cryptomonas,24.4736842105263,small,CryCry000_3202413,V,0.134454234322593
36,E,6,Kirchneriella,Kirchneriella,4.07894736842105,small,ChlKir000_2641223,IV,7784.74258535918
36,E,6,Centrales,Centrales,106.052631578947,small,BacCyc000_3193095,VI,0.000621581843579014
36,E,6,Eudorina,Eudorina,8.15789473684211,small,ChlEud000_0000000,VII,2.00117823691412e-06
36,E,6,Ankyra,Ankyra,12.2368421052632,small,ChlAnkjud_2642105,IV,2.54433305846592
36,E,6,Ankistrodesmus,Ankistrodesmus,4.07894736842105,small,ChlAnk000_9516573,IV,614.02290625261
36,E,6,Chrysochromulina,Chrysochromulina,24.4736842105263,small,PryChr000_3202213,I,9.88319406586692
36,E,6,Cryptomonas,Cryptomonas,8.15789473684211,small,CryCry000_3202413,V,0.0448180781075308
36,E,6,Stauridium,Stauridium,12.2368421052632,small,ChlSta000_4339881,IV,0.0470656914875673
36,E,6,Elakatothrix,Elakatothrix,126.447368421053,small,KleElagel_2641001,IV,3.5902897930818
36,E,6,Snowella,Snowella,57.1052631578947,small,CyaSno000_3217087,I,48.9195925340558
36,E,6,Golenkinia,Golenkinia,4.07894736842105,small,ChlGolrad_2641100,IV,8747.95764873284
36,E,6,Chlamydomonas,Chlamydomonas,8.15789473684211,small,ChlChl000_5271004,I,0.100300788127178
36,E,6,Sphaerocystis,Sphaerocystis,12.2368421052632,small,ChlSph000_2639562,I,7.66685651502263e-07
36,E,6,Coelastrum,Coelastrum,12.2368421052632,small,ChlCoe000_7749802,IV,0.107651509116572
36,E,6,Tetraedron,Tetraedron,4.07894736842105,small,ChlTet000_2672378,IV,110.131578947368
36,C,7,Merismopedia,Merismopedia,72.3648648648649,small,CyaMer000_0000000,I,10246.5314716604
36,C,7,Chrysochromulina,Chrysochromulina,12.4054054054054,small,PryChr000_3202213,I,5.00966785518311
36,C,7,Plagioselmis,Plagioselmis,169.540540540541,small,CryRho000_3202546,I,104.445231835238
36,C,7,Centrales,Centrales,231.567567567568,small,BacCyc000_3193095,VI,0.00135723360579324
36,C,7,Quadrigula,Quadrigula,18.6081081081081,small,ChlQua000_2641259,IV,20519.1426011026
36,C,7,Oocystis,Oocystis,31.0135135135135,small,TreOoc000_2641454,IV,0.741077752771517
36,C,7,Sphaerocystis,Sphaerocystis,12.4054054054054,small,ChlSph000_2639562,I,7.77246796483724e-07
36,C,7,Gloeocapsa,Gloeocapsa,2.06756756756757,small,CyaGlo000_3217637,VII,554.278833584707
36,C,7,Desmodesmus,Desmodesmus,8.27027027027027,small,ChlDes000_2652440,IV,1.34600200901733e-06
36,C,7,Elakatothrix,Elakatothrix,16.5405405405405,small,KleElagel_2641001,IV,0.469644679966872
36,C,7,Chlamydomonas,Chlamydomonas,14.472972972973,small,ChlChl000_5271004,I,0.177944266573666
36,C,7,Sphaerocystis,Sphaerocystis,8.27027027027027,small,ChlSph000_2639562,I,5.18164530989149e-07
36,C,7,Cryptomonas,Cryptomonas,18.6081081081081,small,CryCry000_3202413,V,0.102229762644057
36,C,7,Snowella,Snowella,6.2027027027027,small,CyaSno000_3217087,I,5.31358533428198
36,C,7,Cryptomonas,Cryptomonas,2.06756756756757,small,CryCry000_3202413,V,0.0113588625160063
36,C,7,Scenedesmus,Scenedesmus,2.06756756756757,small,ChlScearc_2640846,IV,0.0329349926399654
36,C,7,Ankyra,Ankyra,2.06756756756757,small,ChlAnkjud_2642105,IV,0.429896902119177
36,E,4,Desmodesmus,Desmodesmus,1139.94444444444,small,ChlDes000_2652440,IV,0.00018552809790341
36,E,4,Elakatothrix,Elakatothrix,51.2777777777778,small,KleElagel_2641001,IV,1.45595819404036
36,E,4,Oocystis,Oocystis,23.6666666666667,small,TreOoc000_2641454,IV,0.565522514605889
36,E,4,Snowella,Snowella,47.3333333333333,small,CyaSno000_3217087,I,40.5484057317611
36,E,4,Merismopedia,Merismopedia,35.5,small,CyaMer000_0000000,I,5026.636447442
36,E,4,Plagioselmis,Plagioselmis,149.888888888889,small,CryRho000_3202546,I,92.3388571229829
36,E,4,Centrales,Centrales,130.166666666667,small,BacCyc000_3193095,VI,0.000762915878980065
36,E,4,Cryptomonas,Cryptomonas,15.7777777777778,small,CryCry000_3202413,V,0.0866804119957836
36,E,4,Tetraedron,Tetraedron,3.94444444444444,small,ChlTet000_2672378,IV,106.5
36,E,4,Chlamydomonas,Chlamydomonas,11.8333333333333,small,ChlChl000_5271004,I,0.145490067939315
36,E,4,Ankyra,Ankyra,15.7777777777778,small,ChlAnkjud_2642105,IV,3.28057853846645
36,E,4,Quadrigula,Quadrigula,15.7777777777778,small,ChlQua000_2641259,IV,17398.1401155803
36,E,4,Chrysochromulina,Chrysochromulina,15.7777777777778,small,PryChr000_3202213,I,6.37153108475721
36,E,4,Coelastrum,Coelastrum,3.94444444444444,small,ChlCoe000_7749802,IV,0.0347005700832152
36,E,4,Sphaerocystis,Sphaerocystis,11.8333333333333,small,ChlSph000_2639562,I,7.41404260843406e-07
36,D,13,Merismopedia,Merismopedia,80.6666666666667,small,CyaMer000_0000000,I,11422.0283594457
36,D,13,Desmodesmus,Desmodesmus,313.945945945946,small,ChlDes000_2652440,IV,5.10952919501479e-05
36,D,13,Elakatothrix,Elakatothrix,47.963963963964,small,KleElagel_2641001,IV,1.36186725280154
36,D,13,Plagioselmis,Plagioselmis,74.1261261261261,small,CryRho000_3202546,I,45.6653046145034
36,D,13,Centrales,Centrales,82.8468468468468,small,BacCyc000_3193095,VI,0.000485571126629109
36,D,13,Quadrigula,Quadrigula,10.9009009009009,small,ChlQua000_2641259,IV,12020.412755911
36,D,13,Chrysochromulina,Chrysochromulina,34.8828828828829,small,PryChr000_3202213,I,14.0867348840007
36,D,13,Oocystis,Oocystis,30.5225225225225,small,TreOoc000_2641454,IV,0.729345367143035
36,D,13,Chlamydomonas,Chlamydomonas,21.8018018018018,small,ChlChl000_5271004,I,0.268051742986785
36,D,13,Koliella,Koliella,2.18018018018018,small,TreKollon_2638730,IV,2.42562732076255e-07
36,D,13,Snowella,Snowella,23.981981981982,small,CyaSno000_3217087,I,20.5443197674054
36,D,13,Sphaerocystis,Sphaerocystis,10.9009009009009,small,ChlSph000_2639562,I,6.82983749996591e-07
36,D,13,Cosmarium,Cosmarium,4.36036036036036,small,ZygCos000_2648709,IV,0.0236248395723216
36,D,13,Tetraedron,Tetraedron,4.36036036036036,small,ChlTet000_2672378,IV,117.72972972973
36,D,13,Cryptomonas,Cryptomonas,6.54054054054054,small,CryCry000_3202413,V,0.035932610834948
36,D,13,Ankistrodesmus,Ankistrodesmus,2.18018018018018,small,ChlAnk000_9516573,IV,328.192655966231
36,D,13,Cryptomonas,Cryptomonas,6.54054054054054,small,CryCry000_3202413,V,0.035932610834948
36,I,14,Merismopedia,Merismopedia,75.3333333333333,small,CyaMer000_0000000,I,10666.852930722
36,I,14,Desmodesmus,Desmodesmus,2373,small,ChlDes000_2652440,IV,0.000386210203901079
36,I,14,Elakatothrix,Elakatothrix,1261.83333333333,small,KleElagel_2641001,IV,35.8279289937581
36,I,14,Oocystis,Oocystis,235.416666666667,small,TreOoc000_2641454,IV,5.6253559991607
36,I,14,Plagioselmis,Plagioselmis,103.583333333333,small,CryRho000_3202546,I,63.8123792089702
36,I,14,Cosmarium,Cosmarium,65.9166666666667,small,ZygCos000_2648709,IV,0.35714265483633
36,I,14,Centrales,Centrales,56.5,small,BacCyc000_3193095,VI,0.00033115042634346
36,I,14,Chlamydomonas,Chlamydomonas,65.9166666666667,small,ChlChl000_5271004,I,0.81044115309858
36,I,14,Chrysochromulina,Chrysochromulina,65.9166666666667,small,PryChr000_3202213,I,26.619090253748
36,I,14,Snowella,Snowella,56.5,small,CyaSno000_3217087,I,48.4010899403768
36,I,14,Coelastrum,Coelastrum,18.8333333333333,small,ChlCoe000_7749802,IV,0.16568300363676
36,I,14,Tetraedron,Tetraedron,9.41666666666666,small,ChlTet000_2672378,IV,254.25
36,I,14,Sphaerocystis,Sphaerocystis,18.8333333333333,small,ChlSph000_2639562,I,1.17998142922965e-06
36,E,9,Merismopedia,Merismopedia,84,small,CyaMer000_0000000,I,11894.013002398
36,E,9,Desmodesmus,Desmodesmus,1047.78947368421,small,ChlDes000_2652440,IV,0.000170529703445842
36,E,9,Elakatothrix,Elakatothrix,79.5789473684211,small,KleElagel_2641001,IV,2.25952889371058
36,E,9,Plagioselmis,Plagioselmis,305.052631578947,small,CryRho000_3202546,I,187.927281142495
36,E,9,Oocystis,Oocystis,22.1052631578947,small,TreOoc000_2641454,IV,0.528212281989192
36,E,9,Sphaerocystis,Sphaerocystis,8.8421052631579,small,ChlSph000_2639562,I,5.53992212698409e-07
36,E,9,Ankyra,Ankyra,8.8421052631579,small,ChlAnkjud_2642105,IV,1.8384858228915
36,E,9,Quadrigula,Quadrigula,4.42105263157895,small,ChlQua000_2641259,IV,4875.09041044429
36,E,9,Chrysochromulina,Chrysochromulina,75.1578947368421,small,PryChr000_3202213,I,30.3509701635655
36,E,9,Cryptomonas,Cryptomonas,13.2631578947368,small,CryCry000_3202413,V,0.0728655205361147
36,E,9,Snowella,Snowella,70.7368421052632,small,CyaSno000_3217087,I,60.5971726873465
36,E,9,Centrales,Centrales,101.684210526316,small,BacCyc000_3193095,VI,0.00059597822421571
36,E,9,Chlamydomonas,Chlamydomonas,22.1052631578947,small,ChlChl000_5271004,I,0.271782780731708
36,E,9,Kirchneriella,Kirchneriella,8.8421052631579,small,ChlKir000_2641223,IV,16875.3129592302
36,E,9,Golenkinia,Golenkinia,4.42105263157895,small,ChlGolrad_2641100,IV,9481.65732249753
36,E,9,Tetraedron,Tetraedron,4.42105263157895,small,ChlTet000_2672378,IV,119.368421052632
36,C,10,Merismopedia,Merismopedia,76.5,small,CyaMer000_0000000,I,10832.0475557553
36,C,10,Cosmarium,Cosmarium,7.40322580645161,small,ZygCos000_2648709,IV,0.0401113686806922
36,C,10,Desmodesmus,Desmodesmus,22.2096774193548,small,ChlDes000_2652440,IV,3.61466668550621e-06
36,C,10,Elakatothrix,Elakatothrix,172.741935483871,small,KleElagel_2641001,IV,4.90475693997661
36,C,10,Plagioselmis,Plagioselmis,148.064516129032,small,CryRho000_3202546,I,91.2149546318761
36,C,10,Centrales,Centrales,266.516129032258,small,BacCyc000_3193095,VI,0.00156206955321134
36,C,10,Quadrigula,Quadrigula,17.2741935483871,small,ChlQua000_2641259,IV,19048.2363214537
36,C,10,Kirchneriella,Kirchneriella,7.40322580645161,small,ChlKir000_2641223,IV,14129.186282397
36,C,10,Chrysochromulina,Chrysochromulina,39.4838709677419,small,PryChr000_3202213,I,15.9447493025183
36,C,10,Chlamydomonas,Chlamydomonas,41.9516129032258,small,ChlChl000_5271004,I,0.515792367165142
36,C,10,Snowella,Snowella,12.3387096774194,small,CyaSno000_3217087,I,10.5700353423889
36,C,10,Golenkinia,Golenkinia,17.2741935483871,small,ChlGolrad_2641100,IV,37047.2820383069
36,C,10,Sphaerocystis,Sphaerocystis,27.1451612903226,small,ChlSph000_2639562,I,1.70074971058535e-06
36,C,10,Cryptomonas,Cryptomonas,2.46774193548387,small,CryCry000_3202413,V,0.0135573520352333
36,C,10,Tetraedron,Tetraedron,4.93548387096774,small,ChlTet000_2672378,IV,133.258064516129
36,C,10,Gloeocapsa,Gloeocapsa,2.46774193548387,small,CyaGlo000_3217637,VII,661.558607826909
36,C,10,Ankyra,Ankyra,2.46774193548387,small,ChlAnkjud_2642105,IV,0.513102754142243
36,C,10,Oocystis,Oocystis,2.46774193548387,small,TreOoc000_2641454,IV,0.0589674771022497
36,D,13,Merismopedia,Merismopedia,77.5,small,CyaMer000_0000000,I,10973.642948641
36,D,13,Desmodesmus,Desmodesmus,1180.38461538462,small,ChlDes000_2652440,IV,0.000192109811626376
36,D,13,Elakatothrix,Elakatothrix,411.346153846154,small,KleElagel_2641001,IV,11.6795779621098
36,D,13,Chrysochromulina,Chrysochromulina,119.230769230769,small,PryChr000_3202213,I,48.148894167044
36,D,13,Plagioselmis,Plagioselmis,286.153846153846,small,CryRho000_3202546,I,176.284708700318
36,D,13,Centrales,Centrales,256.346153846154,small,BacCyc000_3193095,VI,0.00150246262190549
36,D,13,Snowella,Snowella,95.3846153846154,small,CyaSno000_3217087,I,81.7118468700712
36,D,13,Golenkinia,Golenkinia,17.8846153846154,small,ChlGolrad_2641100,IV,38356.4296905978
36,D,13,Oocystis,Oocystis,196.730769230769,small,TreOoc000_2641454,IV,4.70094419643953
36,D,13,Cryptomonas,Cryptomonas,47.6923076923077,small,CryCry000_3202413,V,0.262013379705565
36,D,13,Tetraedron,Tetraedron,17.8846153846154,small,ChlTet000_2672378,IV,482.884615384615
36,D,13,Chlamydomonas,Chlamydomonas,11.9230769230769,small,ChlChl000_5271004,I,0.146593459570491
36,D,13,Cryptomonas,Cryptomonas,11.9230769230769,small,CryCry000_3202413,V,0.0655033449263912
36,D,13,Gloeocapsa,Gloeocapsa,5.96153846153846,small,CyaGlo000_3217637,VII,1598.18457044158
36,D,13,Cosmarium,Cosmarium,11.9230769230769,small,ZygCos000_2648709,IV,0.0646003440625862
36,E,15,Merismopedia,Merismopedia,76.5,small,CyaMer000_0000000,I,10832.0475557553
36,E,15,Desmodesmus,Desmodesmus,1071,small,ChlDes000_2652440,IV,0.000174307260167744
36,E,15,Golenkinia,Golenkinia,7.65,small,ChlGolrad_2641100,IV,16406.6534741073
36,E,15,Plagioselmis,Plagioselmis,244.8,small,CryRho000_3202546,I,150.808724991368
36,E,15,Chlamydomonas,Chlamydomonas,11.475,small,ChlChl000_5271004,I,0.141084382783406
36,E,15,Centrales,Centrales,153,small,BacCyc000_3193095,VI,0.000896743632399103
36,E,15,Tetraedron,Tetraedron,3.825,small,ChlTet000_2672378,IV,103.275
36,E,15,Coelastrum,Coelastrum,11.475,small,ChlCoe000_7749802,IV,0.100949334516734
36,E,15,Sphaerocystis,Sphaerocystis,34.425,small,ChlSph000_2639562,I,2.15685986024233e-06
36,E,15,Quadrigula,Quadrigula,3.825,small,ChlQua000_2641259,IV,4217.82375689332
36,E,15,Chrysochromulina,Chrysochromulina,34.425,small,PryChr000_3202213,I,13.9018282981331
36,E,15,Cryptomonas,Cryptomonas,19.125,small,CryCry000_3202413,V,0.105069478273058
36,E,15,Snowella,Snowella,45.9,small,CyaSno000_3217087,I,39.3205314736867
36,E,15,Cosmarium,Cosmarium,3.825,small,ZygCos000_2648709,IV,0.020724207151691
36,E,15,Oocystis,Oocystis,34.425,small,TreOoc000_2641454,IV,0.822596305576384
36,E,15,Sphaerocystis,Sphaerocystis,7.65,small,ChlSph000_2639562,I,4.79302191164963e-07
36,E,15,Elakatothrix,Elakatothrix,68.85,small,KleElagel_2641001,IV,1.9548959803621
36,E,15,Scenedesmus,Scenedesmus,7.65,small,ChlScearc_2640846,IV,0.121859472767872
36,I,5,Merismopedia,Merismopedia,82.8333333333333,small,CyaMer000_0000000,I,11728.8183773647
36,I,5,Desmodesmus,Desmodesmus,759.305555555555,small,ChlDes000_2652440,IV,0.000123578404312825
36,I,5,Elakatothrix,Elakatothrix,1774.01388888889,small,KleElagel_2641001,IV,50.3705536745887
36,I,5,Oocystis,Oocystis,20.7083333333333,small,TreOoc000_2641454,IV,0.494832200280153
36,I,5,Chrysochromulina,Chrysochromulina,55.2222222222222,small,PryChr000_3202213,I,22.3003587966503
36,I,5,Snowella,Snowella,96.6388888888889,small,CyaSno000_3217087,I,82.7863283690123
36,I,5,Centrales,Centrales,213.986111111111,small,BacCyc000_3193095,VI,0.00125418746771723
36,I,5,Cryptomonas,Cryptomonas,13.8055555555556,small,CryCry000_3202413,V,0.0758453604963107
36,I,5,Sphaerocystis,Sphaerocystis,41.4166666666667,small,ChlSph000_2639562,I,2.59491491295192e-06
36,I,5,Chlamydomonas,Chlamydomonas,13.8055555555556,small,ChlChl000_5271004,I,0.169738412595868
36,I,5,Plagioselmis,Plagioselmis,110.444444444444,small,CryRho000_3202546,I,68.0391578800927
36,I,5,Golenkinia,Golenkinia,27.6111111111111,small,ChlGolrad_2641100,IV,59216.4617039313
36,I,5,Cosmarium,Cosmarium,6.90277777777778,small,ZygCos000_2648709,IV,0.037399894533008
36,I,5,Tetraedron,Tetraedron,6.90277777777778,small,ChlTet000_2672378,IV,186.375
36,I,5,Coelastrum,Coelastrum,6.90277777777778,small,ChlCoe000_7749802,IV,0.0607259976456267
36,I,5,Ankyra,Ankyra,6.90277777777778,small,ChlAnkjud_2642105,IV,1.43525311057907
36,I,5,Ankistrodesmus,Ankistrodesmus,6.90277777777778,small,ChlAnk000_9516573,IV,1039.10722289308
36,I,5,Cryptomonas,Cryptomonas,6.90277777777778,small,CryCry000_3202413,V,0.0379226802481553
36,C,1,Merismopedia,Merismopedia,76.5,small,CyaMer000_0000000,I,10832.0475557553
36,C,1,Gloeocapsa,Gloeocapsa,6.375,small,CyaGlo000_3217637,VII,1709.02640355285
36,C,1,Plagioselmis,Plagioselmis,129.625,small,CryRho000_3202546,I,79.8553144485544
36,C,1,Centrales,Centrales,380.375,small,BacCyc000_3193095,VI,0.00222940430832555
36,C,1,Cosmarium,Cosmarium,2.125,small,ZygCos000_2648709,IV,0.0115134484176061
36,C,1,Quadrigula,Quadrigula,17,small,ChlQua000_2641259,IV,18745.8833639703
36,C,1,Cryptomonas,Cryptomonas,17,small,CryCry000_3202413,V,0.0933950917982739
36,C,1,Ankyra,Ankyra,2.125,small,ChlAnkjud_2642105,IV,0.441838482733598
36,C,1,Chlamydomonas,Chlamydomonas,8.5,small,ChlChl000_5271004,I,0.104506950209931
36,C,1,Scenedesmus,Scenedesmus,2.125,small,ChlScearc_2640846,IV,0.0338498535466311
36,C,1,Elakatothrix,Elakatothrix,14.875,small,KleElagel_2641001,IV,0.422354069831319
36,C,1,Sphaerocystis,Sphaerocystis,8.5,small,ChlSph000_2639562,I,5.32557990183292e-07
36,C,1,Oocystis,Oocystis,8.5,small,TreOoc000_2641454,IV,0.203110198907749
36,C,1,Sphaerocystis,Sphaerocystis,2.125,small,ChlSph000_2639562,I,1.33139497545823e-07
36,C,1,Cryptomonas,Cryptomonas,4.25,small,CryCry000_3202413,V,0.0233487729495685
36,C,1,Snowella,Snowella,10.625,small,CyaSno000_3217087,I,9.10197487816821
36,C,1,Desmodesmus,Desmodesmus,6.375,small,ChlDes000_2652440,IV,1.03754321528419e-06
36,C,1,Tetraedron,Tetraedron,4.25,small,ChlTet000_2672378,IV,114.75
36,D,11,Merismopedia,Merismopedia,84,small,CyaMer000_0000000,I,11894.013002398
36,D,11,Snowella,Snowella,84,small,CyaSno000_3217087,I,71.959142566224
36,D,11,Desmodesmus,Desmodesmus,710.181818181818,small,ChlDes000_2652440,IV,0.000115583423854547
36,D,11,Elakatothrix,Elakatothrix,1580.72727272727,small,KleElagel_2641001,IV,44.8824602977966
36,D,11,Koliella,Koliella,99.2727272727273,small,TreKollon_2638730,IV,1.1044896273639e-05
36,D,11,Golenkinia,Golenkinia,45.8181818181818,small,ChlGolrad_2641100,IV,98264.4486149744
36,D,11,Oocystis,Oocystis,129.818181818182,small,TreOoc000_2641454,IV,3.10204667422744
36,D,11,Plagioselmis,Plagioselmis,61.0909090909091,small,CryRho000_3202546,I,37.6349759336748
36,D,11,Centrales,Centrales,106.909090909091,small,BacCyc000_3193095,VI,0.000626601611230746
36,D,11,Chrysochromulina,Chrysochromulina,61.0909090909091,small,PryChr000_3202213,I,24.670307298727
36,D,11,Sphaerocystis,Sphaerocystis,22.9090909090909,small,ChlSph000_2639562,I,1.43534346017315e-06
36,D,11,Cryptomonas,Cryptomonas,22.9090909090909,small,CryCry000_3202413,V,0.125858626380562
36,D,11,Coelastrum,Coelastrum,7.63636363636364,small,ChlCoe000_7749802,IV,0.067179592785943
36,D,8,Merismopedia,Merismopedia,80.6666666666667,small,CyaMer000_0000000,I,11422.0283594457
36,D,8,Elakatothrix,Elakatothrix,477.794871794872,small,KleElagel_2641001,IV,13.5662930182923
36,D,8,Chrysochromulina,Chrysochromulina,12.4102564102564,small,PryChr000_3202213,I,5.01162683373103
36,D,8,Centrales,Centrales,108.589743589744,small,BacCyc000_3193095,VI,0.00063645203338532
36,D,8,Oocystis,Oocystis,31.025641025641,small,TreOoc000_2641454,IV,0.741367543524514
36,D,8,Koliella,Koliella,27.9230769230769,small,TreKollon_2638730,IV,3.10666883774588e-06
36,D,8,Desmodesmus,Desmodesmus,68.2564102564102,small,ChlDes000_2652440,IV,1.11088588801871e-05
36,D,8,Snowella,Snowella,24.8205128205128,small,CyaSno000_3217087,I,21.2626526264056
36,D,8,Sphaerocystis,Sphaerocystis,9.30769230769231,small,ChlSph000_2639562,I,5.83163048074012e-07
36,D,8,Scenedesmus,Scenedesmus,3.1025641025641,small,ChlScearc_2640846,IV,0.0494218072898023
36,D,8,Cryptomonas,Cryptomonas,34.1282051282051,small,CryCry000_3202413,V,0.187494520638767
36,D,8,Plagioselmis,Plagioselmis,21.7179487179487,small,CryRho000_3202546,I,13.3793143610366
36,D,8,Cosmarium,Cosmarium,3.1025641025641,small,ZygCos000_2648709,IV,0.0168099820033826
36,D,8,Ankyra,Ankyra,3.1025641025641,small,ChlAnkjud_2642105,IV,0.645097513252071
36,I,12,Merismopedia,Merismopedia,75.3333333333333,small,CyaMer000_0000000,I,10666.852930722
36,I,12,Desmodesmus,Desmodesmus,1146.14285714286,small,ChlDes000_2652440,IV,0.000186536901203923
36,I,12,Elakatothrix,Elakatothrix,252.904761904762,small,KleElagel_2641001,IV,7.18086423329054
36,I,12,Plagioselmis,Plagioselmis,139.904761904762,small,CryRho000_3202546,I,86.1881485419857
36,I,12,Centrales,Centrales,193.714285714286,small,BacCyc000_3193095,VI,0.00113537289032043
36,I,12,Chrysochromulina,Chrysochromulina,113,small,PryChr000_3202213,I,45.6327261492823
36,I,12,Golenkinia,Golenkinia,5.38095238095238,small,ChlGolrad_2641100,IV,11540.3164803867
36,I,12,Sphaerocystis,Sphaerocystis,32.2857142857143,small,ChlSph000_2639562,I,2.02282530725082e-06
36,I,12,Snowella,Snowella,43.047619047619,small,CyaSno000_3217087,I,36.8770209069538
36,I,12,Coelastrum,Coelastrum,16.1428571428571,small,ChlCoe000_7749802,IV,0.142014003117223
36,I,12,Cryptomonas,Cryptomonas,43.047619047619,small,CryCry000_3202413,V,0.236496254861736
36,I,12,Oocystis,Oocystis,37.6666666666667,small,TreOoc000_2641454,IV,0.900056959865711
36,I,12,Tetraedron,Tetraedron,10.7619047619048,small,ChlTet000_2672378,IV,290.571428571429
36,I,12,Kirchneriella,Kirchneriella,21.5238095238095,small,ChlKir000_2641223,IV,41078.5679404391
36,I,12,Sphaerocystis,Sphaerocystis,5.38095238095238,small,ChlSph000_2639562,I,3.37137551208471e-07
36,I,12,Koliella,Koliella,10.7619047619048,small,TreKollon_2638730,IV,1.19734921229141e-06
36,I,12,Scenedesmus,Scenedesmus,5.38095238095238,small,ChlScearc_2640846,IV,0.0857150353113572
36,I,12,Ankistrodesmus,Ankistrodesmus,5.38095238095238,small,ChlAnk000_9516573,IV,810.019772488082
36,I,12,Cryptomonas,Cryptomonas,5.38095238095238,small,CryCry000_3202413,V,0.029562031857717
36,D,2,Merismopedia,Merismopedia,81.8333333333333,small,CyaMer000_0000000,I,11587.222984479
36,D,2,Desmodesmus,Desmodesmus,2151.04761904762,small,ChlDes000_2652440,IV,0.00035008703731703
36,D,2,Oocystis,Oocystis,432.547619047619,small,TreOoc000_2641454,IV,10.3358626990394
36,D,2,Elakatothrix,Elakatothrix,923.547619047619,small,KleElagel_2641001,IV,26.222796342036
36,D,2,Snowella,Snowella,339.02380952381,small,CyaSno000_3217087,I,290.426936224621
36,D,2,Gloeocapsa,Gloeocapsa,11.6904761904762,small,CyaGlo000_3217637,VII,3134.01293798113
36,D,2,Sphaerocystis,Sphaerocystis,70.1428571428571,small,ChlSph000_2639562,I,4.39472223831927e-06
36,D,2,Tetraedron,Tetraedron,23.3809523809524,small,ChlTet000_2672378,IV,631.285714285714
36,D,2,Centrales,Centrales,420.857142857143,small,BacCyc000_3193095,VI,0.00246667296082891
36,D,2,Koliella,Koliella,11.6904761904762,small,TreKollon_2638730,IV,1.30066031689177e-06
36,D,2,Ankyra,Ankyra,11.6904761904762,small,ChlAnkjud_2642105,IV,2.43073047643918
36,D,2,Plagioselmis,Plagioselmis,46.7619047619048,small,CryRho000_3202546,I,28.807611255354
36,D,2,Chlamydomonas,Chlamydomonas,23.3809523809524,small,ChlChl000_5271004,I,0.287467297216112
36,D,2,Coelastrum,Coelastrum,11.6904761904762,small,ChlCoe000_7749802,IV,0.102844949160113
36,C,16,Merismopedia,Merismopedia,76.5,small,CyaMer000_0000000,I,10832.0475557553
36,C,16,Desmodesmus,Desmodesmus,43.9875,small,ChlDes000_2652440,IV,7.15904818546091e-06
36,C,16,Centrales,Centrales,290.7,small,BacCyc000_3193095,VI,0.0017038129015583
36,C,16,Plagioselmis,Plagioselmis,128.1375,small,CryRho000_3202546,I,78.9389419876694
36,C,16,Chlamydomonas,Chlamydomonas,15.3,small,ChlChl000_5271004,I,0.188112510377875
36,C,16,Chrysochromulina,Chrysochromulina,47.8125,small,PryChr000_3202213,I,19.3080948585182
36,C,16,Tetraedron,Tetraedron,3.825,small,ChlTet000_2672378,IV,103.275
36,C,16,Golenkinia,Golenkinia,3.825,small,ChlGolrad_2641100,IV,8203.32673705367
36,C,16,Elakatothrix,Elakatothrix,32.5125,small,KleElagel_2641001,IV,0.923145324059882
36,C,16,Oocystis,Oocystis,11.475,small,TreOoc000_2641454,IV,0.274198768525461
36,C,16,Ankyra,Ankyra,3.825,small,ChlAnkjud_2642105,IV,0.795309268920477
36,C,16,Quadrigula,Quadrigula,17.2125,small,ChlQua000_2641259,IV,18980.2069060199
36,C,16,Koliella,Koliella,1.9125,small,TreKollon_2638730,IV,2.12781140436521e-07
36,C,16,Cryptomonas,Cryptomonas,21.0375,small,CryCry000_3202413,V,0.115576426100364
36,I,3,Merismopedia,Merismopedia,77.5,small,CyaMer000_0000000,I,10973.642948641
36,I,3,Desmodesmus,Desmodesmus,2281.94444444444,small,ChlDes000_2652440,IV,0.000371390741331574
36,I,3,Elakatothrix,Elakatothrix,499.444444444444,small,KleElagel_2641001,IV,14.1810012615632
36,I,3,Coelastrum,Coelastrum,43.0555555555556,small,ChlCoe000_7749802,IV,0.378773828373124
36,I,3,Snowella,Snowella,215.277777777778,small,CyaSno000_3217087,I,184.419098838702
36,I,3,Chlamydomonas,Chlamydomonas,8.61111111111111,small,ChlChl000_5271004,I,0.105873054134243
36,I,3,Oocystis,Oocystis,129.166666666667,small,TreOoc000_2641454,IV,3.08647851281383
36,I,3,Sphaerocystis,Sphaerocystis,51.6666666666667,small,ChlSph000_2639562,I,3.23711719523177e-06
36,I,3,Ankyra,Ankyra,34.4444444444444,small,ChlAnkjud_2642105,IV,7.16182638679296
36,I,3,Chrysochromulina,Chrysochromulina,34.4444444444444,small,PryChr000_3202213,I,13.909680537146
36,I,3,Centrales,Centrales,51.6666666666667,small,BacCyc000_3193095,VI,0.000302821923794904
36,I,3,Scenedesmus,Scenedesmus,17.2222222222222,small,ChlScearc_2640846,IV,0.27433868233871
36,I,3,Plagioselmis,Plagioselmis,25.8333333333333,small,CryRho000_3202546,I,15.9145917576676
36,I,3,Tetraedron,Tetraedron,8.61111111111111,small,ChlTet000_2672378,IV,232.5
36,I,3,Cryptomonas,Cryptomonas,8.61111111111111,small,CryCry000_3202413,V,0.047307971335727
36,I,3,Golenkinia,Golenkinia,8.61111111111111,small,ChlGolrad_2641100,IV,18467.9105917693
